ZIPCode,Battery Electric,Diesel,Ethanol,Gasoline,Fuel Cell,Hybrid Gas,Plug-in Hybrid,Natural Gas,Other
90001,13,837,1258,32476,0,484,58,11,11
90002,20,540,1071,29300,0,436,29,6,5
90003,19,671,1334,39247,2,617,37,21,3
90004,268,364,581,31260,12,2004,274,8,3
90005,77,167,296,16364,3,908,115,5,1
90006,54,344,619,27373,3,1012,93,8,2
90007,93,355,474,16822,1,524,50,6,3
90008,123,158,571,18513,1,690,128,6,2
90009,4,104,73,926,1,23,3,14,0
90010,79,211,285,6017,2,231,44,2,0
90011,27,858,1956,54886,0,817,41,26,9
90012,790,3900,2068,23215,13,2725,183,4095,281
90013,143,400,128,4146,0,312,65,3,4
90014,48,97,87,3196,1,183,53,2,0
90015,126,325,298,11227,6,460,109,6,1
90016,119,384,859,29665,6,1295,155,11,5
90017,574,143,380,11023,5,454,113,5,4
90018,100,434,790,29756,3,982,101,6,5
90019,228,359,845,36373,10,2202,301,20,4
90020,103,211,267,18488,3,1265,137,8,2
90021,48,1164,234,2469,0,106,41,6,1
90022,32,940,1534,39907,0,677,53,9,14
90023,28,1190,1048,26264,1,416,46,27,6
90024,494,218,287,17676,15,1351,388,4,0
90025,467,330,538,27304,29,2256,418,7,0
90026,318,456,704,35403,4,2709,375,11,6
90027,415,349,461,25497,6,2636,437,5,2
90028,129,194,391,15220,1,1122,119,5,0
90029,75,207,366,18064,3,1069,95,4,6
90030,0,2,3,97,0,0,1,0,0
90031,93,486,594,22268,4,874,93,8,2
90032,173,649,817,28755,7,900,131,23,1
90033,26,457,775,23776,2,560,43,14,1
90034,369,273,767,34471,7,2722,388,13,3
90035,256,193,347,17002,9,1497,275,8,0
90036,290,232,380,22136,11,1977,404,4,1
90037,29,452,997,33648,0,651,35,14,11
90038,95,527,444,15016,0,833,135,0,3
90039,317,451,401,19393,4,1774,383,10,1
90040,52,1591,649,10228,1,209,40,49,2
90041,185,273,422,17871,1,1243,226,11,3
90042,261,462,922,36952,6,2041,326,8,6
90043,128,317,1042,28804,3,988,142,2,4
90044,29,758,1696,51575,2,826,67,26,11
90045,495,786,11094,116993,20,4080,408,144,2
90046,627,627,839,30537,16,2743,598,7,2
90047,51,467,1179,32925,5,632,91,58,204
90048,291,201,199,14104,11,1281,299,2,2
90049,1027,466,391,23882,22,2054,689,26,30
90050,0,4,3,152,0,2,0,0,0
90051,1,150,13,199,0,2,2,1,0
90052,0,1,0,7,0,0,0,0,0
90053,2,2,2,64,0,2,0,1,0
90054,5,38,75,368,0,21,0,7,0
90055,2,0,0,39,0,0,0,0,0
90056,103,88,173,6565,3,381,81,5,1
90057,143,118,372,17567,3,698,53,4,1
90058,57,1806,314,3628,0,114,29,4,2
90059,19,556,956,23766,0,437,31,16,3
90060,0,8,2,92,0,1,0,1,0
90061,18,525,652,16965,0,292,24,5,6
90062,10,277,606,20162,1,417,55,17,4
90063,112,1733,4088,37823,3,1293,158,32,29
90064,506,346,443,19003,11,1650,402,7,0
90065,330,687,903,30244,5,1808,307,414,131
90066,597,501,856,35948,23,2975,620,13,4
90067,214,194,88,3917,2,270,95,4,0
90068,456,211,259,14607,8,1449,386,4,1
90069,376,160,258,14726,7,1122,285,2,2
90070,0,1,1,33,0,4,0,0,0
90071,22,51,59,572,0,21,19,1,0
90072,0,1,0,31,0,2,0,0,0
90073,2,4,3,79,0,1,0,0,0
90074,0,0,0,8,0,0,0,0,0
90075,0,2,2,102,0,2,0,0,0
90076,0,0,0,71,0,2,1,0,0
90077,359,117,127,6608,9,495,179,2,0
90078,4,4,6,372,1,27,3,0,0
90079,1,4,4,53,0,3,0,0,0
90080,0,0,0,2,0,0,0,0,0
90081,0,1,1,46,0,0,1,0,0
90082,1,0,1,60,0,0,0,0,0
90083,0,1,2,108,0,4,0,0,0
90084,0,0,1,3,0,0,0,0,0
90086,1,70,10,200,0,12,1,1,0
90087,0,1,4,46,0,0,0,0,0
90088,0,0,1,4,0,0,0,0,0
90089,83,15,30,386,0,16,4,0,0
90090,0,1,1,7,0,0,0,1,0
90091,0,14,5,80,0,1,1,0,0
90093,3,1,3,132,0,8,3,0,0
90094,286,63,77,5760,5,446,141,1,0
90095,323,30,257,453,0,36,6,33,0
90096,0,0,4,45,0,0,0,0,0
90097,0,0,0,1,0,0,0,0,0
90099,0,0,0,3,0,0,0,0,0
90101,0,0,0,5,0,0,0,0,0
90102,0,0,0,1,0,0,0,0,0
90103,0,0,0,3,0,0,0,0,0
90185,0,0,0,1,0,0,0,0,0
90189,0,0,1,1,0,0,0,0,0
90201,55,1467,2141,57249,3,938,88,31,21
90202,0,86,10,160,0,1,0,0,0
90209,47,19,16,624,0,40,12,0,0
90210,753,260,320,16692,9,829,342,19,2
90211,209,156,163,7770,3,513,132,0,0
90212,247,162,174,9257,4,682,170,0,0
90213,0,5,8,336,0,19,4,1,0
90220,67,1556,1537,33191,2,458,66,35,6
90221,34,1955,1657,33245,0,376,41,39,6
90222,7,404,754,18960,1,288,24,5,0
90223,0,2,1,57,0,1,0,0,0
90224,1,13,11,271,0,3,0,0,0
90230,266,307,672,21763,16,1783,290,9,3
90231,2,4,18,388,0,17,1,1,0
90232,275,389,350,11306,6,1009,194,95,2
90233,0,0,0,4,0,0,0,0,0
90239,1,21,10,281,0,5,2,0,0
90240,99,653,659,19208,1,580,134,15,0
90241,115,1127,1175,31808,3,919,181,32,4
90242,61,874,1051,29096,4,764,130,31,6
90245,304,530,642,14365,3,830,204,16,3
90247,81,787,990,32684,6,1196,126,56,11
90248,85,1950,661,10863,5,475,88,169,330
90249,76,578,760,20435,9,629,70,13,2
90250,272,1081,2200,62184,18,2210,327,42,6
90251,0,29,19,487,0,13,0,0,0
90254,557,280,369,14469,18,906,395,28,1
90255,39,963,1540,42380,2,725,72,15,12
90260,64,378,790,23479,4,739,112,11,5
90261,0,0,0,3,0,0,0,0,0
90262,31,985,1591,42194,1,644,76,23,7
90263,14,3,42,334,0,14,0,1,0
90264,6,13,6,180,0,12,3,0,0
90265,554,594,417,12810,6,1023,281,5,1
90266,1349,447,703,25346,28,1832,862,53,1
90267,5,12,11,317,0,23,3,0,0
90270,13,504,596,16334,0,272,19,6,2
90272,847,361,321,15515,11,1627,491,2,0
90274,740,502,624,21033,29,1352,576,43,2
90275,784,704,837,31641,59,2294,724,42,2
90277,531,489,839,27253,15,1661,510,44,4
90278,611,524,818,29381,38,1849,606,20,3
90280,59,1554,2139,60937,2,1064,122,34,10
90290,162,218,114,4675,6,574,164,2,0
90291,477,309,345,17053,17,1584,444,10,0
90292,436,248,300,16974,16,1297,380,7,3
90293,159,119,180,8841,11,720,148,5,0
90294,3,7,12,269,0,13,5,0,0
90295,5,14,20,468,0,27,9,0,0
90296,0,2,2,88,0,4,2,1,0
90301,58,439,958,23184,3,595,58,15,7
90302,61,302,630,18069,3,573,74,16,0
90303,18,258,560,16144,0,292,33,15,3
90304,11,286,850,17124,0,300,32,15,4
90305,34,99,356,10649,0,318,41,4,0
90306,1,0,2,57,0,0,0,0,0
90307,0,3,2,35,0,0,0,0,0
90308,0,2,2,111,0,3,1,0,0
90309,0,1,3,110,0,0,0,0,0
90310,0,7,2,44,0,0,0,0,0
90312,0,1,0,7,0,0,0,0,0
90313,0,0,0,2,0,1,0,0,0
90401,236,229,144,5465,34,513,112,120,4
90402,459,109,118,7399,11,811,274,6,1
90403,377,243,255,16102,17,1740,333,3,1
90404,278,262,465,13680,9,1134,193,102,5
90405,461,260,351,18308,22,1997,423,15,1
90406,7,14,21,390,0,16,1,0,0
90407,0,0,2,8,0,0,1,0,0
90408,0,4,2,83,1,7,0,0,0
90409,3,4,4,168,0,7,2,0,0
90410,0,0,0,3,0,2,0,0,0
90411,0,1,0,11,0,1,0,0,0
90501,335,825,1100,33578,34,1654,378,40,5
90502,80,475,421,13663,4,545,103,9,0
90503,336,628,1433,32301,36,2003,438,124,3
90504,165,423,620,25394,34,1535,288,23,3
90505,321,680,861,28120,32,1783,368,20,1
90506,1,5,8,43,0,0,1,0,0
90507,0,11,1,52,1,0,1,0,0
90508,0,3,1,90,0,2,1,0,0
90509,0,5,7,89,0,6,0,4,0
90510,2,9,15,313,0,12,3,2,0
90601,138,889,1068,23952,5,834,182,53,1
90602,65,344,589,16375,1,411,85,22,2
90603,79,379,623,15629,4,502,130,12,6
90604,64,590,1209,28211,1,678,154,16,7
90605,96,817,1258,29861,1,636,120,64,6
90606,46,490,904,23090,1,451,88,6,5
90607,1,23,18,256,0,3,0,3,0
90608,0,18,8,214,0,3,3,0,0
90609,0,10,4,123,0,6,2,0,0
90610,0,4,3,67,0,0,0,0,0
90612,0,0,0,1,0,0,0,0,0
90620,175,1090,1377,35535,11,1010,257,30,4
90621,125,689,792,25422,4,920,228,14,3
90622,0,199,16,269,0,3,1,0,0
90623,119,207,355,12000,5,574,154,7,0
90630,372,871,1320,37962,20,1589,384,40,14
90631,273,1539,2160,50077,14,1441,325,55,5
90632,1,9,10,233,0,2,2,0,0
90633,0,23,9,214,0,3,1,0,0
90637,1,16,12,250,0,7,2,0,0
90638,196,3366,1447,35373,5,1205,274,32,6
90639,0,2,3,120,0,6,0,0,0
90640,97,3135,1505,44234,4,1120,232,164,5
90650,153,1753,2705,71532,5,1580,268,88,14
90651,0,22,12,319,0,2,0,0,0
90652,0,5,3,74,0,0,0,0,0
90659,0,0,0,1,0,0,0,0,0
90660,70,1706,1663,44994,0,814,137,26,15
90661,0,0,1,43,0,1,0,0,0
90662,0,2,1,46,0,1,0,0,0
90665,0,0,0,1,0,0,0,0,0
90670,114,3384,1459,16030,0,453,123,72,1
90671,0,4,0,2,0,0,0,0,0
90680,66,1110,716,20917,1,506,91,301,6
90701,47,253,327,11115,3,377,57,2,5
90702,0,3,12,192,0,7,0,0,0
90703,495,1323,949,40477,26,2010,575,65,5
90704,107,122,78,3131,0,13,3,2,1
90706,106,1315,2039,51997,4,1227,198,54,7
90707,1,42,23,497,0,15,0,1,0
90710,67,385,600,18509,4,683,111,11,3
90711,1,8,6,202,0,1,0,0,0
90712,128,525,1025,24387,9,752,185,34,5
90713,98,610,976,22000,13,647,162,15,1
90714,2,46,15,420,0,5,0,5,7
90715,46,212,480,13872,1,395,80,5,0
90716,13,104,304,9002,0,156,21,4,0
90717,86,425,566,15713,5,642,122,12,1
90720,286,1812,806,17457,20,812,368,59,3
90721,1,0,1,23,0,0,0,0,0
90723,53,1148,1485,35812,0,620,104,88,4
90731,173,850,1536,38938,10,1311,245,55,7
90732,113,341,556,15539,10,815,132,26,0
90733,1,31,20,355,0,8,0,0,0
90734,0,15,4,116,0,7,5,0,1
90740,359,419,709,19519,13,1085,293,45,4
90742,13,37,40,941,0,42,14,1,0
90743,7,12,19,360,0,24,6,0,1
90744,44,1641,1632,35099,1,624,69,45,5
90745,89,1005,1259,43352,5,1125,180,57,8
90746,73,836,904,21591,4,509,107,14,0
90747,0,4,12,36,0,2,0,0,0
90748,2,123,18,421,0,8,0,1,2
90749,2,34,70,365,0,5,0,9,0
90755,99,840,808,9912,9,418,148,20,2
90801,1,91,42,538,0,15,1,0,0
90802,140,372,783,21481,10,1208,227,27,1
90803,477,483,661,22887,24,1469,494,33,0
90804,91,265,617,21550,4,804,155,13,2
90805,84,1372,2204,58105,4,1248,146,197,9
90806,100,989,1173,26712,4,997,109,155,4
90807,268,776,906,22948,12,1115,299,37,3
90808,310,804,1317,30642,11,1294,394,34,3
90809,1,26,21,420,0,9,1,0,1
90810,38,793,976,25610,3,504,72,27,7
90813,61,1157,879,27119,0,711,76,106,0
90814,161,170,297,12245,2,831,232,13,2
90815,280,661,1117,28014,19,1344,394,28,4
90822,0,1,0,15,0,0,0,0,0
90831,0,2,22,71,0,1,1,0,0
90832,0,6,8,58,0,2,0,0,0
90833,0,0,0,1,0,0,0,0,0
90835,0,0,0,2,0,0,0,0,0
90840,1,3,13,70,0,0,0,0,0
90842,0,0,0,1,0,0,0,0,0
90844,0,0,0,1,0,0,0,0,0
90846,0,0,0,1,0,0,0,0,0
90847,0,0,0,1,0,0,0,0,0
90853,1,5,3,155,0,7,2,0,0
90895,0,5,0,10,0,1,1,0,0
91001,395,453,816,26827,13,1800,425,10,3
91003,0,6,7,151,0,4,1,0,0
91006,426,524,507,24031,11,1234,383,42,0
91007,321,319,388,21511,8,1166,308,20,2
91008,33,22,25,1000,0,60,17,2,0
91009,2,8,4,212,0,3,4,0,0
91010,84,342,650,19748,3,593,126,8,3
91011,530,339,438,15991,32,1346,359,6,2
91012,2,19,11,315,0,13,2,0,0
91016,268,927,1128,30012,13,1283,306,29,6
91017,1,56,14,440,0,10,3,0,1
91020,37,92,146,5440,5,373,56,2,0
91021,2,8,2,141,0,7,0,0,0
91023,0,0,0,12,0,0,0,0,0
91024,167,145,235,8313,2,577,150,4,0
91025,0,6,15,199,0,8,3,1,0
91030,358,287,348,17210,20,1562,315,17,1
91031,3,34,10,393,0,15,6,0,0
91040,140,570,633,16939,4,857,196,5,3
91041,0,13,8,167,0,5,0,1,0
91042,119,487,609,20650,4,1164,190,5,1
91043,0,10,3,84,0,2,1,0,0
91046,2,4,6,141,0,5,0,0,0
91066,6,41,19,298,0,11,2,3,0
91077,2,5,3,129,0,0,0,0,0
91101,142,152,323,12061,3,866,187,58,0
91102,1,2,6,183,0,5,1,0,0
91103,210,259,662,17344,7,760,143,37,13
91104,276,310,634,23774,4,1395,284,11,5
91105,283,225,236,9895,11,799,214,10,4
91106,258,178,396,15803,6,1071,212,6,0
91107,386,396,656,24895,19,1531,367,11,1
91108,401,150,171,9725,10,638,230,3,1
91109,5,79,69,1018,0,31,4,21,0
91110,0,0,0,3,0,0,0,0,0
91114,1,4,5,106,0,6,0,0,0
91115,2,1,1,82,0,6,0,0,0
91116,4,1,1,104,0,5,0,0,0
91117,1,6,8,197,0,3,2,0,0
91118,2,6,5,147,0,6,1,0,0
91123,0,0,0,0,0,1,0,0,0
91124,0,0,1,19,0,0,0,0,0
91125,1,1,3,106,0,6,2,0,0
91126,0,0,0,12,0,3,0,0,0
91129,0,0,0,0,0,1,0,0,0
91131,0,1,0,2,0,0,0,0,0
91175,0,0,0,4,0,0,0,0,0
91182,0,0,1,1,0,0,0,0,0
91186,0,0,0,1,0,0,0,0,0
91191,0,0,0,1,0,0,0,0,0
91201,127,435,882,16432,2,844,201,4,3
91202,160,309,386,15892,5,967,226,1,0
91203,77,222,285,10061,2,629,113,0,0
91204,66,492,336,10981,0,553,99,31,0
91205,106,422,526,21774,3,1369,221,9,2
91206,226,535,554,22300,7,1416,319,71,3
91207,111,130,142,7672,6,465,138,4,1
91208,202,243,328,12706,10,784,209,5,0
91209,3,111,26,308,0,10,1,11,0
91210,13,4,4,256,0,16,5,0,0
91214,231,613,627,23730,18,1792,333,8,1
91221,2,14,9,234,0,5,1,0,0
91222,0,2,2,69,0,4,0,0,0
91224,0,13,9,143,0,5,4,1,0
91225,0,8,6,167,0,2,0,0,0
91226,1,3,7,189,0,8,0,0,0
91301,327,542,658,19897,6,1384,361,7,1
91302,686,503,568,20408,15,1310,444,3,1
91303,53,331,618,17813,0,606,89,6,3
91304,183,654,1117,34288,2,1512,299,12,2
91305,0,3,0,62,0,3,0,0,0
91306,110,553,1045,32664,0,1303,204,12,4
91307,287,398,595,19379,14,1049,315,6,2
91308,1,10,11,210,0,6,2,0,0
91309,1,3,4,214,0,5,0,0,0
91310,0,19,4,100,0,1,0,0,0
91311,244,1122,1154,30154,6,1373,348,8,2
91312,0,0,0,3,0,0,0,0,0
91313,0,33,11,292,0,7,2,1,0
91316,311,261,450,19440,6,1407,314,5,0
91319,1,15,4,187,0,4,0,0,0
91320,466,1352,1361,36000,5,1754,389,18,6
91321,128,790,1028,24583,0,874,219,6,3
91322,0,39,17,239,0,3,0,0,0
91324,124,460,687,20212,1,976,229,11,0
91325,205,588,746,23026,4,1221,283,12,6
91326,515,421,649,26937,10,1693,628,10,2
91327,1,10,8,183,0,10,3,0,0
91328,0,2,7,144,0,5,1,0,0
91329,0,0,0,2,0,0,0,0,0
91330,71,3,18,126,0,5,1,0,0
91331,67,1747,2757,70884,1,1384,176,31,10
91333,1,11,7,232,0,4,1,0,0
91334,0,3,1,84,0,4,0,0,0
91335,155,987,1556,52022,7,2026,297,12,6
91337,1,36,10,247,0,5,1,0,0
91340,45,854,1205,24306,0,448,78,11,10
91341,1,10,5,127,0,2,0,0,0
91342,183,2866,2833,68316,4,1996,333,27,8
91343,157,969,1490,40628,4,1502,259,12,4
91344,377,1015,1293,39938,8,2027,514,10,2
91345,35,600,543,14841,0,422,75,4,3
91346,0,37,11,178,0,3,1,0,0
91350,283,1302,1328,29674,3,1339,440,16,8
91351,116,919,1020,25610,0,932,222,10,4
91352,112,1902,1449,35707,1,1234,136,192,8
91353,1,36,10,275,0,11,0,0,0
91354,325,556,800,22565,5,1316,552,12,0
91355,283,1103,1185,25535,0,1322,398,43,15
91356,327,417,560,21072,5,1309,360,5,1
91357,1,10,14,326,0,15,1,0,0
91358,0,4,5,141,0,4,1,0,0
91359,2,32,12,534,0,28,6,0,0
91360,261,1169,1310,33602,6,1585,355,12,3
91361,351,452,525,16891,3,1063,279,2,0
91362,487,866,1044,31157,8,1731,463,8,2
91363,0,1,0,3,0,0,0,0,0
91364,376,427,585,20315,16,1423,388,7,2
91365,3,7,8,272,0,15,2,0,0
91367,343,581,800,30925,18,1894,456,9,1
91371,4,4,4,27,0,1,0,1,0
91372,1,4,6,184,0,8,3,0,0
91376,3,27,30,292,0,16,1,0,0
91377,166,171,253,10623,2,781,167,1,0
91380,3,64,23,599,0,19,8,1,0
91381,277,286,441,13999,0,830,404,6,0
91382,0,0,0,10,0,1,0,0,0
91383,0,0,0,6,0,0,0,0,0
91384,129,923,808,17775,0,709,223,7,0
91385,0,21,6,98,0,1,1,0,0
91386,0,15,13,316,0,3,1,0,0
91387,209,1020,1234,31069,3,1384,367,10,1
91390,114,1362,747,15854,3,673,213,8,2
91392,0,48,25,485,0,10,1,0,1
91393,1,5,4,94,0,0,0,0,0
91394,0,8,9,209,0,7,2,0,0
91395,0,3,5,123,0,1,0,0,0
91396,1,12,7,177,0,4,0,0,0
91401,245,435,711,26379,4,1659,348,8,1
91402,62,716,1359,42372,0,1302,125,17,9
91403,370,224,357,17462,14,1513,416,5,1
91404,2,2,0,62,0,2,0,0,0
91405,319,1495,1910,36105,1,1496,446,346,57
91406,187,1223,1473,37675,7,1660,317,22,2
91407,0,0,6,36,0,1,0,0,0
91408,0,4,5,95,0,3,0,0,0
91409,0,21,31,469,0,25,3,2,0
91410,1,0,0,3,0,0,0,0,0
91411,109,348,514,15066,4,966,177,5,0
91412,0,5,3,154,0,3,0,0,0
91413,8,22,12,537,0,18,3,1,0
91416,1,11,11,283,0,10,0,0,0
91423,445,302,429,22098,5,1851,480,5,0
91426,6,3,7,178,0,8,5,0,0
91436,528,531,257,12308,4,901,430,5,0
91470,0,0,0,1,0,0,0,0,0
91495,0,0,1,1,0,0,0,0,0
91499,0,0,0,2,0,0,0,0,0
91501,123,256,364,14339,6,846,178,5,2
91502,62,405,398,8068,0,429,81,78,1
91503,0,2,10,177,0,6,0,0,0
91504,178,467,533,19197,5,1085,231,3,2
91505,292,693,785,23977,5,1434,273,15,0
91506,168,341,513,14662,3,858,176,6,0
91507,0,3,4,147,0,5,0,1,0
91508,0,0,3,48,0,0,0,0,0
91510,5,47,28,699,0,15,10,5,0
91521,19,120,18,70,0,10,0,0,0
91522,97,116,1,45,0,1,0,0,0
91523,0,0,0,1,0,0,0,0,0
91526,0,0,0,2,0,0,0,0,0
91601,147,325,633,23742,5,1577,259,3,6
91602,209,170,276,13532,2,1148,246,1,0
91603,0,1,5,188,0,9,1,0,0
91604,489,309,407,20557,3,1932,522,2,0
91605,129,1381,1370,38517,4,1422,199,9,3
91606,125,520,815,28693,2,1319,220,13,3
91607,184,307,497,19036,2,1698,292,4,1
91608,4,147,32,138,0,4,1,0,0
91609,0,6,0,94,0,2,0,0,0
91610,1,6,5,152,0,10,1,1,0
91611,0,0,0,2,0,0,0,0,0
91612,0,0,0,1,0,0,0,0,0
91614,5,10,8,198,0,18,1,1,0
91615,0,19,7,201,0,10,0,0,1
91616,1,1,0,29,0,8,0,0,0
91617,0,3,5,94,0,2,0,0,0
91618,0,0,0,2,0,0,0,0,0
91701,140,1330,1487,30957,4,983,224,25,3
91702,190,1156,1645,40980,6,1033,255,39,6
91706,186,2158,2171,55099,6,1247,187,52,15
91708,90,916,253,6378,5,335,116,3,1
91709,630,1639,2085,58252,40,2480,763,44,2
91710,347,3848,3223,60481,8,1600,492,1316,7
91711,476,580,810,23319,6,1531,386,36,0
91714,1,0,0,21,0,0,0,0,0
91715,1,73,21,391,0,11,4,3,0
91716,1,66,9,102,0,6,0,22,0
91722,59,530,978,26440,2,638,132,12,2
91723,70,349,566,13561,2,407,86,21,1
91724,97,602,835,20153,7,683,156,18,4
91729,4,123,90,1340,1,31,10,3,0
91730,211,2268,2459,48146,6,1439,318,76,5
91731,77,686,829,18965,3,506,79,50,7
91732,83,699,1026,39462,5,923,161,31,8
91733,78,1233,1061,29716,2,588,112,16,5
91734,0,109,403,566,0,14,6,97,0
91735,0,0,0,5,0,0,0,0,0
91737,142,869,852,19145,2,662,194,9,2
91739,281,1337,1276,27349,7,963,371,39,1
91740,104,605,817,19784,0,608,161,10,2
91741,191,803,975,20908,11,764,261,143,0
91743,0,4,3,132,0,1,0,0,0
91744,69,1442,2084,60131,7,1132,153,20,11
91745,297,1221,1128,41809,22,1809,453,23,4
91746,56,1773,979,23205,6,444,98,359,6
91747,0,24,11,497,0,6,1,0,0
91748,336,1496,744,33991,18,1367,389,99,2
91749,0,5,0,10,0,0,0,0,0
91750,195,967,1396,26336,6,952,284,28,5
91752,119,2877,1414,26130,5,603,154,26,3
91754,214,554,478,24429,9,1283,227,12,0
91755,135,315,290,19864,12,842,179,3,0
91756,0,0,0,12,0,0,0,0,0
91758,0,0,0,3,0,0,0,0,0
91759,2,33,16,415,1,6,2,1,0
91761,165,4443,2824,47630,3,1088,295,99,9
91762,88,2616,1958,42383,6,792,173,79,6
91763,59,788,1137,27837,2,627,108,24,6
91764,72,911,1590,36591,3,662,113,50,4
91765,552,732,826,35189,36,1889,610,224,0
91766,178,1445,1887,48081,4,1029,218,47,10
91767,69,694,1310,33261,1,819,147,15,2
91768,94,1739,953,21866,4,466,96,12,3
91769,5,41,42,822,0,7,1,1,0
91770,248,2234,1497,45642,13,1742,305,11,6
91771,0,0,0,3,0,0,0,0,0
91772,0,0,0,8,0,0,0,0,0
91773,179,1060,1273,26746,5,976,280,39,2
91775,219,274,317,16707,15,896,228,7,2
91776,168,555,488,27949,7,1138,215,7,2
91778,3,7,8,318,0,8,4,3,0
91780,290,454,528,25732,9,1206,288,11,3
91784,205,936,1059,22770,6,843,320,17,1
91785,2,52,35,703,0,16,3,0,0
91786,152,1695,1867,36825,2,1049,264,22,5
91788,1,29,16,382,1,17,4,0,0
91789,526,1074,774,33465,24,1683,487,124,3
91790,165,756,1047,33612,10,929,221,387,4
91791,188,610,808,25256,11,901,273,12,3
91792,107,263,479,20963,6,660,135,7,1
91793,2,35,11,562,0,18,2,0,1
91795,0,0,0,1,0,0,0,0,0
91797,0,0,0,1,0,0,0,0,0
91798,0,0,0,3,0,0,0,0,0
91799,0,0,0,4,0,0,0,0,0
91801,207,448,644,35133,10,1785,303,22,2
91802,19,184,258,1128,0,31,2,75,2
91803,141,705,562,21390,5,976,192,60,2
91804,0,0,0,2,0,0,0,0,0
91841,0,0,0,1,0,0,0,0,0
91901,84,1396,878,13565,0,509,79,3,0
91902,101,601,595,15391,0,626,86,4,0
91903,1,66,45,604,0,19,1,0,1
91905,0,193,130,2119,0,39,3,2,1
91906,6,441,172,4308,0,99,9,0,0
91908,0,25,17,455,0,16,1,1,0
91909,0,16,19,410,0,5,0,0,0
91910,195,1292,2344,58408,2,1660,188,32,10
91911,115,1893,2949,66405,1,1260,118,88,9
91912,1,93,98,1699,0,55,3,3,1
91913,179,484,1172,34862,0,1239,207,4,1
91914,149,395,451,12988,0,523,113,2,3
91915,127,395,673,21277,0,828,148,1,0
91916,7,298,104,2347,0,66,5,0,0
91917,3,67,43,896,0,26,6,1,0
91921,4,28,17,382,0,8,0,0,0
91931,0,41,29,578,0,13,1,0,1
91932,83,423,779,17388,2,447,39,3,1
91933,1,17,20,369,0,6,3,0,1
91934,3,50,27,803,0,14,3,0,2
91935,60,893,406,8204,0,336,58,2,0
91941,233,767,1006,24804,0,1182,181,8,4
91942,120,629,1132,27906,0,1276,131,2,0
91943,0,17,4,175,0,7,0,0,0
91944,1,92,31,511,0,15,0,4,0
91945,46,839,961,20222,0,631,49,108,5
91946,0,16,13,313,0,10,0,0,1
91947,0,0,0,3,0,0,0,0,0
91948,0,14,7,212,0,1,1,0,0
91950,77,1088,1748,40997,0,698,48,5,11
91951,0,15,18,686,0,11,1,1,0
91962,5,260,129,2341,0,57,9,0,0
91963,1,148,90,2003,0,28,1,0,2
91976,1,35,8,205,0,2,0,0,0
91977,116,1291,2096,44815,0,1196,111,9,2
91978,24,317,385,7641,0,227,22,2,1
91979,0,30,30,431,0,12,1,1,0
91980,1,284,160,3142,0,29,3,2,2
91987,0,1,3,31,0,0,0,0,0
91990,0,0,0,1,0,0,0,0,0
92003,45,424,232,4606,1,191,44,0,0
92004,13,352,187,4467,0,78,8,3,0
92007,159,302,298,8754,2,615,119,3,0
92008,313,945,986,22663,4,1239,225,11,3
92009,660,802,1068,32395,10,2108,514,7,0
92010,163,343,492,12441,1,839,166,6,1
92011,341,486,602,18202,2,1117,268,11,1
92013,2,21,10,334,0,20,7,1,0
92014,460,348,286,11340,2,856,223,2,0
92018,4,75,44,1474,0,30,2,1,0
92019,138,1293,1593,32923,0,1034,144,9,2
92020,131,1934,2224,41287,1,1305,162,18,6
92021,117,2441,2585,47565,1,1326,115,8,9
92022,3,133,49,510,0,9,1,0,3
92023,10,71,35,1080,0,54,12,1,0
92024,824,1448,1490,40481,6,2699,591,14,2
92025,169,1279,1590,35647,1,1114,164,12,6
92026,200,1309,1453,37992,0,1469,240,12,5
92027,168,1215,1626,40100,1,1118,174,8,8
92028,185,2450,1796,39230,1,1578,278,10,4
92029,183,1848,1126,18298,1,822,185,50,6
92030,0,55,15,537,0,13,1,0,0
92033,0,25,22,464,0,11,1,0,0
92036,4,337,193,4403,0,112,15,2,0
92037,1011,631,692,28448,6,1915,402,6,1
92038,12,18,20,614,0,44,6,2,0
92039,1,7,4,224,0,12,3,0,0
92040,75,2952,2211,33739,0,889,122,11,6
92046,2,130,32,695,0,18,4,0,0
92049,2,10,13,246,0,8,0,0,0
92051,1,13,19,560,0,11,1,3,0
92052,17,37,22,633,0,26,1,0,0
92054,191,979,1108,27893,1,1149,169,167,5
92055,3,36,125,2416,0,34,9,0,0
92056,201,1088,1617,40979,1,1856,287,9,4
92057,189,816,1552,41042,1,1712,293,9,2
92058,82,537,1281,23290,1,742,125,8,5
92059,4,198,191,2127,0,32,5,0,1
92060,1,63,12,456,0,13,3,0,0
92061,16,127,149,2326,0,56,12,0,1
92064,516,1895,1708,39023,0,1785,311,29,3
92065,156,2899,1735,30794,0,967,159,1,4
92066,0,41,26,474,0,11,0,0,0
92067,474,395,277,9259,2,432,160,1,0
92068,0,16,6,237,0,4,0,0,0
92069,186,1663,1478,35550,0,1257,227,22,3
92070,5,221,69,1620,0,29,1,1,1
92071,170,1942,2276,42307,0,1375,178,8,6
92072,3,80,38,569,0,15,0,0,0
92074,1,40,24,372,0,10,3,0,0
92075,245,279,303,10032,3,671,148,2,1
92078,448,1285,1289,33304,5,1713,415,179,6
92079,1,77,24,773,0,20,1,0,0
92081,119,1251,1125,21398,2,983,167,6,3
92082,95,1854,979,17405,0,636,120,5,4
92083,80,787,1206,27106,1,693,105,1,4
92084,160,1589,1720,36116,1,1260,220,19,1
92085,5,104,54,1080,0,20,0,1,0
92086,3,137,55,1455,0,36,10,0,0
92088,1,75,43,843,0,22,1,0,0
92090,0,0,0,2,0,0,0,0,0
92091,99,75,61,1973,0,85,47,0,0
92092,4,4,13,707,0,31,4,0,0
92093,408,21,72,483,0,108,7,53,0
92096,30,0,2,17,0,2,0,0,0
92101,575,2766,3180,37440,3,1371,216,828,2
92102,116,531,1097,28174,0,874,77,13,5
92103,358,368,558,23347,1,1771,246,5,0
92104,262,378,825,30071,3,1748,203,8,2
92105,99,1005,1558,43667,0,1444,71,51,9
92106,278,433,527,14584,2,808,145,3,1
92107,262,438,671,20496,3,1125,148,6,3
92108,178,312,618,16045,1,866,132,3,1
92109,466,629,995,32108,1,1615,220,7,3
92110,176,848,1022,20528,2,1002,133,3,12
92111,210,1623,1519,37236,0,1572,239,65,8
92112,15,41,62,788,0,46,3,2,0
92113,84,638,1461,32811,0,495,36,6,11
92114,82,638,1778,51408,0,1024,89,2,12
92115,203,462,1114,34440,1,1807,184,4,8
92116,226,307,612,22692,2,1423,155,3,1
92117,330,933,1451,40725,1,1881,247,8,2
92118,546,282,396,11937,0,668,87,5,1
92119,127,344,657,17988,1,955,92,5,2
92120,211,689,837,22683,1,1186,177,3,3
92121,162,1323,785,6498,1,334,74,15,0
92122,404,317,563,25926,2,1605,263,2,3
92123,324,1199,1924,24054,2,1104,159,16,1
92124,184,256,676,18563,0,948,143,1,0
92126,421,1133,1607,55542,4,2258,283,14,7
92127,1002,640,886,30914,5,1963,429,3,1
92128,443,463,834,35448,4,2127,314,5,2
92129,577,507,981,38727,7,2344,396,6,1
92130,1424,641,802,38517,23,2612,667,3,0
92131,536,482,772,26974,3,1748,341,5,2
92132,0,1,0,9,0,0,0,0,0
92133,0,2,18,26,0,0,0,0,0
92134,0,2,6,183,0,4,1,0,0
92135,4,2,15,261,0,5,0,0,0
92136,2,22,71,986,0,16,2,1,0
92137,1,7,5,158,0,5,1,0,0
92138,6,65,65,1036,0,28,3,1,0
92139,38,299,911,26123,0,574,34,1,3
92140,0,2,7,150,0,1,1,0,1
92142,0,39,51,323,0,4,2,0,0
92143,0,39,57,1748,0,18,2,1,0
92145,0,20,35,753,0,9,0,0,0
92147,0,0,3,64,0,1,0,0,0
92149,1,3,3,153,0,2,0,0,0
92150,4,34,22,663,0,40,7,0,0
92152,2,1,0,4,0,0,0,0,0
92153,0,34,17,766,0,20,0,0,0
92154,123,5516,3017,70009,0,1346,153,21,8
92155,0,1,7,197,0,5,0,0,0
92158,0,0,0,3,0,0,0,0,0
92159,2,13,12,227,0,9,0,1,0
92160,1,32,21,280,0,13,0,0,1
92161,0,0,1,12,0,0,0,0,0
92162,0,0,0,3,0,0,0,0,0
92163,4,138,32,519,0,43,3,0,0
92164,0,0,0,2,0,0,0,0,0
92165,2,9,6,325,0,9,0,0,0
92166,2,22,14,333,0,11,0,0,0
92167,0,7,10,252,0,10,3,1,0
92168,2,8,15,285,0,12,2,0,0
92169,2,23,27,531,0,15,1,2,0
92170,17,39,88,419,0,8,2,0,0
92171,2,20,16,315,0,11,1,1,0
92172,2,14,7,335,0,17,2,0,0
92173,28,708,1495,33053,0,464,27,3,5
92174,0,10,12,386,0,5,0,0,0
92175,1,5,7,233,0,9,1,0,0
92176,1,9,11,344,0,20,1,0,0
92177,0,20,13,332,0,6,4,1,0
92178,9,24,33,653,0,24,4,2,0
92179,0,5,20,46,0,0,0,0,0
92182,12,7,33,238,0,0,0,0,0
92184,0,0,0,1,0,0,0,0,0
92186,0,1,3,32,0,0,0,1,0
92187,0,0,0,1,0,0,0,0,0
92190,0,0,0,2,0,0,0,0,0
92191,2,3,10,155,0,11,3,0,0
92192,4,20,14,435,0,23,1,0,0
92193,1,8,7,261,0,5,1,0,0
92194,0,0,0,2,0,0,0,0,0
92195,2,11,20,345,0,31,0,0,0
92196,1,48,11,502,0,17,1,0,0
92197,0,0,1,1,0,0,0,0,0
92198,2,14,14,457,0,16,1,0,0
92199,0,0,0,12,0,1,0,0,0
92201,63,1277,2034,39035,0,612,82,23,8
92202,2,70,114,1457,0,12,0,5,0
92203,89,930,1144,20607,0,735,123,2,8
92210,69,63,112,3730,0,117,33,2,0
92211,143,574,935,19387,0,879,130,2,4
92220,165,940,1216,22146,1,492,47,28,5
92222,0,5,6,89,0,0,0,0,1
92223,110,1760,2005,38924,0,1173,197,30,5
92225,10,950,847,10049,0,111,7,1,4
92226,0,89,77,754,0,5,1,0,0
92227,8,1232,1462,20264,0,171,12,24,5
92230,19,63,138,1573,0,45,1,1,0
92231,18,2372,2138,43232,0,360,14,20,10
92232,0,105,78,1275,0,10,0,0,1
92233,4,174,254,3088,0,26,2,0,0
92234,67,943,1673,36732,1,839,145,12,7
92235,1,67,48,826,0,5,1,2,2
92236,9,732,1595,26561,0,209,18,20,4
92239,2,21,13,200,0,3,1,0,0
92240,28,536,1121,23153,0,484,44,8,6
92241,3,305,278,5284,0,124,18,2,1
92242,2,57,53,657,0,6,0,0,0
92243,55,1785,2481,39270,0,423,31,33,17
92244,1,92,81,936,0,4,1,3,0
92247,1,26,22,525,0,13,2,0,0
92248,1,70,41,669,0,17,2,0,1
92249,5,405,362,6409,0,56,3,5,0
92250,6,550,546,7080,0,46,5,2,2
92251,28,1153,1366,17007,0,232,28,4,4
92252,16,267,331,5985,0,172,7,20,3
92253,185,712,1208,27539,0,861,136,52,12
92254,0,149,388,7816,0,52,2,1,1
92255,2,75,34,685,0,18,3,1,0
92256,3,164,165,2772,0,67,12,1,0
92257,6,87,70,1434,0,13,1,0,0
92258,1,42,30,576,0,11,0,0,0
92259,1,96,46,835,0,12,0,0,1
92260,141,548,938,22033,1,811,116,15,5
92261,5,60,62,653,0,17,2,1,0
92262,198,418,817,18561,0,787,195,17,2
92263,15,78,71,1165,0,32,3,11,0
92264,138,368,556,14370,0,671,144,67,1
92266,0,42,31,375,0,5,1,0,0
92267,0,12,9,100,0,0,0,0,0
92268,0,78,21,561,0,17,1,0,0
92270,227,315,462,13743,1,631,141,5,0
92273,1,52,67,1375,0,16,1,0,1
92274,2,630,714,12017,0,98,10,15,5
92275,0,83,98,1981,0,32,6,2,0
92276,25,453,476,6266,0,125,14,116,2
92277,21,571,832,12309,0,234,18,4,3
92278,1,11,39,639,0,12,1,0,0
92280,0,0,0,19,0,0,0,0,0
92281,2,100,107,1692,0,16,0,1,1
92282,3,33,47,762,0,22,4,0,1
92283,1,88,87,897,0,7,0,0,1
92284,36,949,1011,17527,0,405,46,2,2
92285,1,84,85,1630,0,19,5,0,1
92286,0,77,44,757,0,19,1,0,0
92292,0,0,0,1,0,0,0,0,0
92301,10,960,994,19257,0,325,24,3,5
92304,0,2,2,19,0,0,0,0,0
92305,1,36,24,525,0,4,0,0,0
92307,52,1808,1691,28600,0,597,91,8,2
92308,51,1647,1581,29053,1,598,73,3,4
92309,5,38,22,348,0,6,0,0,0
92310,3,79,237,2572,0,40,7,0,0
92311,25,819,1141,18468,0,271,26,12,4
92312,0,54,18,497,0,14,0,0,0
92313,18,364,444,9225,1,239,49,3,2
92314,13,560,340,7727,0,86,12,3,2
92315,15,451,258,6081,0,70,10,6,0
92316,16,1890,1207,23626,0,264,38,13,2
92317,8,141,96,2590,0,42,5,0,0
92318,0,2,3,134,0,5,0,0,0
92320,31,517,398,7356,0,197,25,3,2
92321,1,62,46,1110,0,19,6,0,0
92322,3,27,23,528,0,15,3,0,0
92323,0,4,2,28,0,1,0,0,0
92324,71,1579,1946,38633,3,674,89,96,47
92325,21,303,322,7985,1,171,31,3,1
92326,0,0,1,17,0,0,0,0,0
92327,0,19,18,297,0,8,0,0,0
92328,13,13,20,225,0,6,1,0,0
92329,1,317,190,3117,0,56,5,1,0
92331,1,99,22,389,0,6,1,0,0
92332,0,5,4,66,0,1,0,0,0
92333,2,11,14,514,0,8,2,0,0
92334,0,78,45,808,0,8,3,0,0
92335,58,6593,3231,66741,1,801,109,448,13
92336,221,2382,3045,69829,8,1850,471,39,11
92337,57,2530,1239,27543,0,535,117,18,3
92338,0,1,2,17,0,0,0,0,0
92339,3,42,38,921,1,20,5,0,0
92340,2,165,68,1136,0,16,0,1,1
92341,3,9,10,313,0,3,1,2,0
92342,10,240,221,4674,0,132,16,6,1
92344,23,1400,823,15679,0,362,56,4,0
92345,63,3918,3162,58262,2,918,111,66,16
92346,99,1312,1725,39625,0,895,139,11,2
92347,1,47,28,525,0,13,3,0,0
92350,1,3,1,81,0,3,0,0,0
92352,29,270,217,4661,0,114,22,17,1
92354,102,281,449,14709,0,613,108,5,1
92356,3,383,243,4228,0,68,8,2,4
92357,0,0,0,7,0,0,0,0,0
92358,4,41,40,724,0,18,3,0,0
92359,14,323,289,6342,0,143,21,3,1
92363,4,243,210,3153,0,30,0,2,1
92364,0,4,1,40,0,0,1,0,0
92365,2,117,81,1450,0,25,1,0,1
92366,0,1,8,15,0,0,0,0,0
92368,0,82,33,572,0,10,0,0,0
92369,2,15,33,294,0,4,0,0,1
92371,8,969,543,9405,0,193,21,1,2
92372,10,370,221,4155,0,88,13,0,0
92373,222,1246,1130,24994,1,1132,236,56,3
92374,78,772,1256,28244,0,898,129,29,1
92375,3,56,41,757,0,22,3,1,0
92376,37,1649,2633,56426,2,733,96,71,4
92377,35,945,843,16690,0,322,69,2,3
92378,2,51,36,576,0,5,0,1,0
92382,11,260,187,4269,0,69,9,1,1
92384,0,7,4,56,0,0,0,0,0
92385,0,20,20,403,0,10,2,0,0
92386,0,56,56,1733,0,19,2,1,0
92389,0,11,3,128,0,2,0,0,0
92391,7,90,58,1659,0,27,5,0,1
92392,46,1503,2041,38270,0,788,99,22,10
92393,3,141,87,1283,0,27,1,0,0
92394,15,635,1069,20353,0,387,45,4,3
92395,54,947,1411,26689,0,525,74,3,5
92397,14,294,195,4484,0,115,17,4,0
92398,2,78,58,1015,0,12,1,0,0
92399,119,2521,2205,40631,1,994,158,11,9
92401,6,54,57,1026,0,29,2,3,1
92402,2,37,23,393,0,19,1,1,0
92403,0,14,3,103,0,1,0,0,0
92404,41,636,1540,34794,14,522,76,13,4
92405,12,319,785,17824,0,278,29,8,4
92406,2,7,11,273,0,3,1,0,0
92407,89,1488,2026,41143,1,795,171,9,2
92408,39,1256,762,10003,0,253,16,3,1
92410,20,764,1460,29216,0,311,21,9,3
92411,15,390,652,16141,0,226,12,208,4
92412,0,3,1,8,0,0,0,0,0
92413,0,14,12,270,0,5,2,0,0
92414,0,0,0,5,0,0,0,0,0
92415,5,561,838,2288,0,234,2,9,1
92418,0,4,0,16,0,0,0,0,0
92423,1,57,29,564,0,19,1,0,0
92424,0,0,0,5,0,0,0,0,0
92427,3,67,23,438,0,5,1,0,0
92501,83,970,877,14837,3,373,70,19,2
92502,6,54,27,335,0,6,2,1,2
92503,185,2228,2899,62095,12,1388,322,58,7
92504,145,2044,3047,41863,3,1407,191,128,5
92505,67,960,1447,33288,1,698,124,36,8
92506,241,1196,1450,34243,3,1193,300,35,2
92507,167,1656,1596,32335,0,843,165,42,9
92508,116,1472,1255,25425,2,840,214,20,0
92509,118,4214,3154,56733,3,987,182,56,8
92513,0,44,28,446,0,5,2,1,1
92514,1,24,10,119,0,6,0,0,0
92515,0,2,0,2,0,1,0,0,0
92516,2,25,18,250,0,4,2,0,0
92517,1,74,74,766,0,10,1,1,0
92518,5,107,95,620,1,24,3,43,0
92519,0,94,29,229,0,1,0,0,0
92521,46,5,21,167,0,15,1,7,0
92522,8,76,4,159,0,4,0,16,0
92530,103,1648,2047,37798,0,921,166,32,9
92531,0,79,45,517,0,6,2,0,0
92532,84,577,955,16603,4,728,182,12,1
92536,3,306,168,2762,1,61,18,0,1
92539,4,320,214,3314,0,46,5,0,1
92543,35,508,1044,21296,1,391,39,24,7
92544,28,1304,1619,31335,0,629,86,7,4
92545,52,870,1470,27661,1,738,83,34,8
92546,1,36,28,555,0,4,0,2,0
92548,6,235,266,4897,0,88,10,3,0
92549,7,198,125,3511,0,112,17,0,0
92551,27,439,956,20572,0,352,50,34,2
92552,2,48,42,786,0,12,3,2,0
92553,36,1059,2020,46016,0,653,81,56,11
92554,0,30,9,154,0,0,1,0,0
92555,62,1044,1349,28539,2,719,154,23,1
92556,1,14,17,300,0,5,0,0,0
92557,48,951,1612,35170,0,793,148,32,2
92561,3,142,57,1316,0,43,8,1,0
92562,229,2435,2595,45952,0,1656,361,36,3
92563,205,1551,2120,46197,2,1933,374,14,0
92564,1,56,30,489,0,10,3,1,0
92567,13,666,390,7166,0,126,23,7,1
92570,77,2513,2131,38368,1,586,117,48,5
92571,37,1218,1759,36639,1,601,78,24,2
92572,1,75,143,868,0,6,5,4,0
92581,2,119,116,1196,0,26,1,0,2
92582,12,497,641,12062,0,270,38,11,2
92583,26,599,919,19002,0,344,36,14,3
92584,123,1800,1857,34446,0,1250,242,17,2
92585,44,837,861,15712,0,449,87,3,3
92586,26,434,843,16286,0,421,50,3,0
92587,79,970,853,13302,1,456,125,12,0
92589,1,133,93,1154,0,39,6,0,0
92590,34,724,347,4567,0,159,43,4,0
92591,122,983,1304,29150,1,1190,222,62,0
92592,299,2416,2676,55926,0,2292,511,24,1
92593,2,69,62,744,0,12,0,0,1
92595,53,1460,1405,25324,1,687,157,12,4
92596,67,990,1025,18939,0,732,178,3,1
92599,0,2,0,7,0,0,0,0,0
92602,517,434,367,17095,27,950,402,8,0
92603,578,179,237,13476,22,909,352,15,0
92604,307,219,419,19064,23,1119,305,12,0
92605,3,23,14,202,0,4,0,0,0
92606,289,547,483,15810,20,983,310,39,17
92607,2,42,19,447,0,11,7,2,0
92609,2,27,10,355,0,9,1,2,0
92610,185,331,321,9114,11,429,181,4,0
92612,316,261,456,17038,33,1119,333,16,0
92614,317,511,784,20559,24,1243,377,22,1
92615,4,32,22,480,0,15,4,0,0
92616,4,8,16,191,0,13,4,1,0
92617,160,23,65,4239,17,403,98,4,0
92618,1099,755,1211,31134,42,1796,872,43,0
92619,11,24,48,557,0,36,17,4,0
92620,1061,426,604,37102,51,2246,869,25,1
92623,11,15,54,589,0,19,8,2,0
92624,74,289,264,6446,0,227,77,10,1
92625,480,274,265,10041,10,478,223,6,0
92626,432,6950,1793,37394,12,1860,421,222,10
92627,380,1089,1721,44563,11,1630,396,27,10
92628,2,26,29,503,0,14,5,1,0
92629,367,627,699,21656,14,1067,293,19,1
92630,630,1389,2069,50039,34,2076,686,26,1
92637,66,122,242,12481,7,915,112,4,1
92646,499,1228,1976,45441,16,1949,563,59,2
92647,328,1487,1833,43384,23,1545,451,111,7
92648,670,928,1411,36607,18,1681,590,52,8
92649,445,1184,1418,28334,15,1316,490,61,2
92650,0,2,2,49,0,1,0,0,0
92651,917,623,552,20169,19,1226,444,25,8
92652,7,18,20,542,0,31,2,1,0
92653,370,672,849,24205,14,1088,356,24,1
92654,1,20,26,428,0,19,1,1,0
92655,19,101,119,6151,1,183,32,3,0
92656,532,541,1064,36376,31,1878,651,21,1
92657,543,172,166,8246,8,346,222,3,0
92658,236,58,48,963,1,38,10,5,0
92659,9,28,29,550,0,16,4,1,3
92660,946,1146,1133,30308,36,1277,563,38,0
92661,109,59,103,2795,0,140,42,1,0
92662,187,58,57,2252,1,90,39,1,1
92663,457,514,555,16408,10,716,257,21,2
92672,688,1009,1193,28089,3,1339,379,25,3
92673,503,816,1085,22584,14,1082,473,22,1
92674,6,46,29,624,0,18,5,0,0
92675,451,1095,1256,28852,15,1054,391,49,1
92676,34,152,69,1797,2,112,23,1,0
92677,862,1043,1408,49618,34,2582,846,52,1
92678,5,28,19,365,0,14,4,0,0
92679,580,642,962,25019,17,1150,530,15,3
92683,387,1211,1689,68337,9,2322,459,56,9
92684,2,6,6,267,0,8,0,0,0
92685,0,11,16,434,0,12,1,0,0
92688,365,811,1559,32553,17,1510,468,23,0
92690,5,26,19,571,0,17,11,1,0
92691,371,977,1454,38465,23,1677,508,56,6
92692,457,604,1210,36817,24,1783,564,39,3
92693,1,55,14,318,0,11,2,0,0
92694,699,444,817,19632,24,914,597,16,0
92697,15,19,71,205,0,14,5,1,0
92698,0,0,0,6,0,2,1,0,0
92701,132,905,1889,30671,7,478,88,141,7
92702,2,40,52,327,0,3,1,1,0
92703,82,727,1578,42398,2,723,74,21,9
92704,174,1170,2120,58183,11,1279,196,25,11
92705,536,1695,1741,36404,28,1323,565,28,7
92706,114,397,894,23518,6,656,142,14,2
92707,91,775,1628,41182,4,713,122,23,7
92708,461,969,1523,45644,44,2043,591,39,8
92709,0,0,0,9,0,0,0,0,0
92710,0,0,0,3,0,0,0,0,0
92711,0,61,31,456,0,11,2,2,0
92712,0,0,0,2,0,0,0,0,0
92728,8,13,9,405,0,14,5,1,0
92735,0,18,34,167,0,2,0,0,0
92780,241,837,1508,38385,11,1257,266,28,9
92781,6,39,29,672,1,13,1,2,0
92782,501,213,462,19301,34,1138,380,14,0
92799,4,16,11,391,0,15,1,1,0
92801,125,1170,1682,41197,2,1055,175,23,48
92802,72,405,1031,26384,4,593,118,17,2
92803,4,39,20,539,0,5,1,3,9
92804,147,897,1867,57012,2,1634,272,25,8
92805,315,3336,2070,52618,4,1079,244,534,475
92806,143,2159,1937,31087,9,838,198,170,3
92807,382,1509,1727,30435,28,1203,478,35,1
92808,271,382,573,15424,17,685,273,24,0
92809,4,19,26,207,0,11,2,0,0
92811,1,13,9,127,0,2,0,0,0
92812,0,12,11,289,0,4,2,1,0
92814,0,8,11,206,0,6,0,0,0
92815,3,56,11,358,0,7,3,0,0
92816,0,20,2,123,0,1,0,0,0
92817,0,43,17,357,1,6,1,0,0
92821,387,1507,1605,30655,22,1281,427,27,5
92822,2,51,22,609,0,25,3,7,0
92823,111,112,120,3738,2,213,98,6,0
92825,0,8,8,77,0,3,0,0,0
92831,239,731,1082,22484,12,938,265,23,2
92832,84,365,651,16589,6,523,141,18,1
92833,279,878,1133,37429,11,1569,444,24,24
92834,48,21,25,421,0,14,1,0,0
92835,280,527,676,18165,13,904,347,20,3
92836,1,2,11,187,0,6,1,0,0
92837,2,7,13,194,0,4,0,1,1
92838,1,14,5,185,0,8,0,0,0
92840,162,826,1180,38892,8,1054,171,61,6
92841,121,602,845,25051,4,806,146,26,1
92842,0,18,34,693,0,21,0,6,0
92843,115,667,940,32651,3,1049,135,28,5
92844,58,180,351,16940,2,562,84,4,0
92845,102,421,611,12949,4,437,130,21,1
92846,0,7,8,124,0,6,1,1,0
92850,0,0,0,2,0,0,1,1,0
92856,0,31,8,212,0,5,1,2,0
92857,0,8,2,70,0,1,1,0,0
92859,2,44,9,172,0,9,0,0,0
92860,95,2934,1399,19602,1,487,120,31,1
92861,148,229,232,5122,4,210,92,5,0
92862,0,0,0,13,0,0,0,0,0
92863,6,51,50,647,0,11,7,342,0
92864,0,0,0,12,0,0,0,0,0
92865,145,1277,1227,16617,17,559,176,14,2
92866,152,231,465,10224,2,305,76,9,1
92867,384,1950,1796,32646,14,1184,383,48,2
92868,207,1963,5740,28891,7,1399,192,249,3
92869,267,810,1117,28074,17,1084,323,17,4
92870,335,1149,1724,38077,17,1378,468,44,5
92871,0,20,12,307,0,11,1,0,0
92877,2,95,32,467,0,10,2,2,0
92878,3,840,74,587,0,13,3,2,0
92879,140,1756,1754,33243,8,884,220,46,3
92880,406,2623,2540,49431,12,1931,651,60,3
92881,189,1165,1268,23118,4,748,234,26,0
92882,290,2327,2254,48297,16,1559,351,93,5
92883,217,1382,1252,22986,7,1015,298,25,2
92885,5,39,14,289,0,16,1,0,0
92886,613,1381,1750,38864,24,1588,741,33,3
92887,267,684,796,16915,16,737,294,15,0
92899,0,0,0,2,0,1,0,0,0
93001,207,1370,1101,25034,1,1134,154,13,5
93002,7,163,64,664,0,18,3,1,0
93003,236,2144,1826,39589,12,1809,203,13,5
93004,108,1229,1618,23679,0,1077,113,13,3
93005,0,27,16,217,0,6,0,0,1
93006,3,52,21,580,0,20,2,0,0
93007,1,114,25,246,0,5,0,24,0
93009,0,2,1,13,0,9,0,0,0
93010,230,1609,1577,34888,2,1363,216,7,8
93011,2,106,52,774,0,36,3,1,0
93012,293,1402,1299,28354,3,1391,299,8,2
93013,110,628,581,13347,0,548,73,9,2
93014,1,49,20,430,0,9,2,0,0
93015,37,776,787,13422,0,281,45,4,9
93016,0,57,24,310,0,3,1,0,0
93020,0,34,14,214,0,6,0,0,0
93021,282,1323,1410,30052,3,1291,291,8,1
93022,33,533,299,5275,0,227,28,1,1
93023,181,1212,737,16578,0,974,158,3,6
93024,1,35,21,362,0,22,4,0,1
93030,104,1981,1869,41285,0,802,81,89,17
93031,0,269,64,1097,0,9,3,0,0
93032,0,80,24,263,0,3,0,0,0
93033,30,1176,2318,56161,0,706,139,9,24
93034,0,31,23,365,0,5,0,0,0
93035,169,663,854,21961,3,902,146,7,4
93036,96,1187,1398,32537,0,843,115,4,9
93040,3,76,77,1485,0,24,0,0,0
93041,28,310,654,14857,1,418,52,4,1
93042,1,2,8,149,0,5,1,0,0
93043,0,5,6,176,0,4,0,0,0
93044,1,12,19,444,0,7,1,0,2
93060,48,1162,1238,24131,0,416,58,3,8
93061,3,64,24,296,0,1,2,0,0
93062,1,13,20,375,0,9,1,0,0
93063,310,1876,2063,45231,4,1772,438,20,2
93064,0,0,0,31,0,0,0,0,0
93065,425,2396,2652,59130,7,2307,637,25,10
93066,34,479,204,3209,0,101,24,0,0
93067,9,37,33,1030,1,44,8,0,0
93094,0,44,5,274,1,7,1,0,0
93101,237,977,1215,21958,2,1032,109,6,9
93102,5,66,58,502,0,20,2,1,0
93103,167,690,538,15379,3,600,84,32,8
93105,289,594,566,19411,3,1258,197,5,5
93106,41,18,87,496,0,28,1,12,0
93107,0,5,6,57,0,4,0,0,0
93108,291,398,276,9130,3,561,134,2,0
93109,153,301,233,8296,6,516,80,2,1
93110,146,374,421,12594,7,674,97,3,1
93111,159,611,639,15171,2,776,117,2,3
93116,1,33,16,398,0,10,1,0,0
93117,240,1234,1308,27803,6,1345,159,117,465
93118,1,16,13,161,0,5,0,0,0
93120,2,4,5,197,0,10,3,1,0
93121,0,12,9,184,0,9,1,0,0
93130,1,13,10,390,0,26,1,0,0
93140,3,125,39,564,0,17,2,20,1
93150,3,28,10,317,0,27,3,0,0
93160,1,30,27,318,0,8,1,0,1
93190,1,12,6,192,0,4,1,0,0
93199,0,0,0,2,0,0,0,0,0
93201,0,65,42,610,0,1,1,0,0
93202,2,91,184,2487,0,26,2,0,1
93203,11,409,783,11337,0,94,16,0,1
93204,14,157,441,5581,0,51,18,0,6
93205,0,88,56,1685,0,21,2,0,0
93206,1,273,197,1481,0,12,1,0,0
93207,1,26,12,238,0,9,0,0,0
93208,0,2,3,49,0,0,0,0,0
93210,30,762,623,8623,0,155,9,1,4
93212,19,531,820,8611,0,70,10,1,4
93215,26,1151,1829,28063,0,207,20,12,2
93216,0,125,73,664,0,4,6,1,0
93218,0,67,57,606,0,7,1,0,0
93219,5,150,398,5805,0,36,4,0,1
93220,3,68,38,243,0,3,0,0,0
93221,61,1104,830,10704,0,187,18,10,9
93222,12,79,62,1661,0,47,8,0,0
93223,5,197,402,6823,0,66,1,3,0
93224,0,52,82,374,0,6,2,0,0
93225,9,308,185,4212,0,100,17,1,1
93226,1,96,20,184,0,4,0,0,0
93227,1,143,47,571,0,7,1,0,0
93230,120,3198,3889,43154,1,825,74,48,6
93232,2,102,63,424,0,4,1,6,1
93234,0,95,266,3702,0,25,4,0,2
93235,1,167,175,3019,0,21,3,0,3
93237,0,5,1,32,0,0,0,0,0
93238,5,129,77,1507,0,26,12,0,1
93239,0,27,64,853,0,6,0,0,0
93240,3,443,256,4472,0,78,7,1,1
93241,5,221,466,9154,0,58,3,0,1
93242,3,269,199,2178,0,19,5,0,0
93243,1,198,96,1291,0,18,3,0,0
93244,3,90,29,399,0,7,1,0,0
93245,48,1420,1769,21471,0,390,46,23,3
93246,0,5,34,477,0,15,0,0,0
93247,51,783,834,10989,0,132,11,4,2
93249,1,53,141,1623,0,9,2,0,0
93250,20,416,754,8443,0,59,11,1,1
93251,0,41,68,244,0,2,0,0,0
93252,0,137,68,920,0,13,1,0,0
93254,2,69,37,528,0,12,0,1,0
93255,1,53,15,454,0,7,0,0,0
93256,5,354,270,3343,0,29,1,0,1
93257,67,2866,3260,46311,0,518,36,32,6
93258,0,137,136,1698,0,9,1,0,0
93260,0,29,10,148,0,3,0,0,0
93261,1,84,121,1606,0,6,1,0,1
93262,0,1,6,41,0,1,0,0,0
93263,32,1219,1345,13235,0,119,16,2,0
93265,9,473,238,3198,0,89,16,0,0
93266,1,93,112,1000,0,7,2,0,0
93267,9,546,304,3881,0,30,4,0,1
93268,30,1230,823,9712,0,102,10,2,2
93270,2,481,275,4075,0,20,1,0,1
93271,8,176,92,1958,0,118,8,1,0
93272,2,444,268,2502,0,15,1,1,1
93274,129,3241,3634,46805,0,522,60,44,11
93275,1,96,58,554,0,8,1,0,0
93276,0,86,50,109,0,1,0,0,0
93277,109,1382,2076,33420,0,719,55,10,7
93278,0,65,44,312,0,5,0,18,0
93279,2,89,56,483,0,10,0,1,0
93280,27,809,1095,13666,0,92,14,11,5
93282,0,3,0,3,0,0,0,0,0
93283,0,183,73,1570,0,15,2,0,1
93285,4,167,117,2065,0,36,3,0,3
93286,7,527,428,6268,0,64,6,0,2
93287,0,45,10,133,0,1,0,0,0
93290,3,146,48,451,0,10,1,0,0
93291,144,2248,2578,37620,1,805,83,63,6
93292,77,1916,2057,27957,0,540,46,9,5
93301,61,1031,1741,9636,0,247,48,242,8
93302,1,87,44,355,0,1,1,0,0
93303,2,78,84,350,0,16,3,0,0
93304,20,778,1458,26699,1,329,33,0,4
93305,35,703,1030,17757,1,196,14,4,7
93306,86,1537,2546,42976,0,794,83,1,7
93307,64,3774,3305,48892,0,443,45,10,10
93308,130,6238,4004,33122,0,567,72,5,1
93309,83,1550,2508,35399,0,709,76,71,0
93311,172,1736,2171,32570,0,903,172,0,2
93312,130,3092,2593,39343,0,924,153,4,6
93313,89,4284,2316,36402,0,596,96,6,3
93314,87,3367,1899,22696,0,550,105,3,1
93380,14,450,364,910,0,7,2,4,0
93381,0,0,0,1,0,0,0,0,0
93382,0,0,0,2,0,0,0,0,0
93383,1,25,16,120,0,1,0,0,0
93384,1,86,57,729,0,6,0,0,0
93385,0,23,13,186,0,3,0,0,1
93386,3,41,29,307,0,5,0,0,0
93387,0,41,30,317,0,4,0,0,0
93388,1,70,54,164,0,2,1,0,0
93389,3,219,123,845,0,10,1,3,0
93390,10,241,84,539,0,19,4,0,0
93401,272,1687,1194,22561,0,1246,204,42,3
93402,92,570,433,11797,0,693,76,2,2
93403,4,66,41,408,0,17,3,0,0
93405,121,500,544,10971,0,590,87,3,3
93406,3,126,40,572,0,27,3,0,0
93407,45,37,65,200,0,5,0,0,0
93408,4,58,95,183,0,3,5,0,0
93409,0,15,16,63,0,0,0,1,0
93410,1,1,1,50,0,0,0,0,0
93412,1,29,7,194,0,10,0,0,0
93420,189,2026,1424,25544,0,1085,181,2,9
93421,2,103,46,562,0,24,1,0,0
93422,122,2285,1486,26720,0,969,121,5,5
93423,3,142,85,874,0,20,6,0,0
93424,29,51,36,1082,0,98,13,0,0
93426,2,159,88,1077,0,24,5,0,0
93427,36,455,314,5187,0,182,35,0,1
93428,38,344,229,5608,0,377,42,0,0
93429,0,10,9,103,0,0,0,0,0
93430,42,228,129,2544,0,145,20,1,0
93432,8,303,71,1248,0,34,3,0,0
93433,35,460,509,10190,0,354,36,1,0
93434,1,153,295,5310,0,55,3,1,0
93435,0,7,1,46,0,0,1,0,0
93436,51,1611,2098,37880,0,939,88,12,9
93437,2,39,95,1206,0,32,6,0,0
93438,1,105,32,567,0,9,1,9,0
93440,6,132,99,1476,0,33,5,0,0
93441,10,153,77,1204,0,56,5,0,1
93442,68,507,372,9120,0,477,64,0,2
93443,1,39,14,320,0,17,2,1,1
93444,109,1406,1018,18427,0,597,96,5,4
93445,11,243,292,5292,0,146,18,3,0
93446,112,3811,2379,35863,0,1020,151,17,23
93447,5,406,168,1595,0,38,6,4,8
93448,2,59,36,589,0,27,1,0,0
93449,114,294,309,7152,0,395,57,1,0
93450,0,71,49,463,0,2,0,0,1
93451,4,408,255,3446,0,85,9,3,1
93452,2,26,25,438,0,17,2,17,0
93453,18,442,136,2545,0,79,11,3,0
93454,28,1434,1666,28313,0,476,42,4,4
93455,89,2194,2203,34587,0,954,94,4,12
93456,3,325,160,1621,0,17,2,1,2
93457,0,206,61,346,0,5,0,0,0
93458,23,1361,2162,39133,0,446,28,4,14
93460,58,720,369,5541,0,160,26,0,1
93461,1,157,82,1085,0,17,1,1,0
93463,64,502,410,6823,0,268,33,1,1
93464,1,46,28,337,0,10,3,0,0
93465,41,1172,532,8679,0,319,40,1,4
93475,0,29,21,268,0,7,0,0,0
93483,0,38,14,323,0,10,2,0,0
93501,3,267,278,3397,0,63,2,0,1
93502,0,19,30,114,0,5,0,0,0
93504,1,26,12,245,0,5,1,0,0
93505,7,267,408,7421,0,170,28,2,2
93510,18,1146,363,7408,0,232,59,6,2
93512,0,40,11,224,0,2,0,0,0
93513,2,143,74,1639,0,28,2,0,0
93514,22,1473,663,12917,0,236,21,5,2
93515,0,94,57,658,0,10,0,0,0
93516,1,77,81,1311,0,16,3,1,0
93517,1,180,86,874,0,11,0,0,2
93518,0,155,58,931,0,16,1,1,0
93519,0,9,3,44,0,0,0,0,0
93522,0,4,4,57,0,1,1,0,0
93523,6,70,99,1501,0,42,9,1,0
93524,0,9,27,214,0,3,2,0,0
93526,3,126,46,866,0,17,1,0,1
93527,0,281,103,1887,0,53,4,0,1
93528,0,5,2,102,0,2,0,0,1
93529,3,77,25,691,0,14,0,0,0
93530,0,6,5,73,0,0,0,0,0
93531,2,84,32,498,0,18,3,0,0
93532,7,183,103,2327,0,73,12,0,1
93534,74,963,1196,24095,0,494,72,44,4
93535,40,1442,2217,47179,0,954,101,24,13
93536,136,2307,2201,49674,0,1304,221,14,5
93539,2,59,46,665,0,13,1,1,0
93541,2,72,17,492,0,13,2,0,0
93542,0,1,2,23,0,0,0,0,0
93543,8,666,452,10302,0,191,14,4,0
93544,1,58,37,863,0,21,1,0,0
93545,6,186,79,1830,0,27,3,2,2
93546,17,741,381,8384,0,110,9,1,1
93549,1,60,24,379,0,6,0,0,0
93550,40,1331,2013,50273,0,1048,116,16,7
93551,146,1824,1710,41178,1,1289,278,34,3
93552,28,694,1083,28451,0,643,87,14,3
93553,4,131,55,1475,0,32,10,0,4
93554,1,7,4,81,0,0,0,0,0
93555,40,1636,1364,24106,0,582,56,1,4
93556,2,63,25,451,0,9,1,0,0
93558,0,2,4,29,0,1,0,0,0
93560,16,712,693,14664,0,273,44,2,1
93561,62,2103,1337,24323,0,532,53,1,8
93562,0,123,72,1011,0,16,5,1,0
93563,0,17,5,121,0,0,0,0,0
93581,4,115,44,825,0,18,1,0,0
93584,1,22,7,139,0,3,0,0,0
93586,0,15,8,83,0,2,0,0,0
93590,0,43,22,380,0,4,2,0,1
93591,1,196,194,4800,0,84,6,0,0
93592,1,34,24,178,0,1,0,0,0
93596,0,7,2,42,0,0,0,0,0
93599,1,11,10,106,0,1,0,0,0
93601,3,170,75,1746,0,31,4,0,0
93602,2,427,173,2851,0,44,9,0,1
93603,0,22,6,155,0,2,0,0,0
93604,15,53,38,652,0,15,1,0,0
93605,2,24,23,165,0,3,2,0,0
93606,0,31,42,957,0,15,0,0,2
93607,0,4,5,65,0,0,0,0,0
93608,0,22,50,694,0,5,0,0,0
93609,25,420,347,4046,0,45,6,37,1
93610,22,1135,949,11053,0,178,20,5,2
93611,266,1695,2112,33326,0,950,133,31,6
93612,104,841,1342,22001,0,396,42,11,1
93613,6,98,55,940,0,13,3,0,0
93614,18,815,563,9432,0,272,36,1,2
93615,1,197,218,3331,0,18,2,2,2
93616,4,120,101,1736,0,19,1,0,1
93618,25,877,1192,19290,0,195,13,13,6
93619,402,2026,1852,30172,0,1040,209,10,0
93620,10,577,623,6825,0,78,12,0,1
93621,1,51,21,332,0,9,0,0,0
93622,7,593,601,6926,0,67,8,1,6
93623,0,14,9,179,0,7,0,0,0
93624,0,90,79,584,0,1,0,0,2
93625,31,720,415,5607,0,100,19,1,4
93626,21,172,133,1802,0,65,12,0,0
93627,0,51,30,144,0,0,1,0,0
93628,2,11,8,152,0,2,0,0,0
93630,26,1120,1089,13127,0,163,8,12,2
93631,34,1244,1046,11764,0,197,28,0,3
93633,0,2,2,48,0,1,0,0,0
93634,0,12,4,46,0,0,0,0,0
93635,37,1790,2186,31162,1,595,90,8,6
93636,73,1185,760,10350,0,271,34,1,1
93637,51,1821,2002,25887,0,440,41,40,7
93638,26,1086,1863,29527,0,313,25,1,8
93639,1,63,39,313,0,6,1,1,0
93640,10,425,513,7961,0,64,14,1,2
93641,0,40,20,331,0,7,0,0,0
93642,0,0,0,2,0,0,0,0,0
93643,6,263,148,2728,0,54,11,0,0
93644,23,737,385,7438,0,164,12,2,0
93645,0,80,23,321,0,5,0,0,0
93646,7,235,412,6099,0,40,2,0,2
93647,2,229,447,7181,0,52,1,1,3
93648,19,211,655,9326,0,68,4,0,3
93649,1,16,2,75,0,3,1,0,0
93650,11,81,142,2635,0,46,24,0,0
93651,3,264,93,1499,0,37,10,0,0
93652,0,26,27,386,0,2,0,0,0
93653,5,158,67,865,0,12,2,0,0
93654,69,1205,1405,19859,0,269,30,27,10
93656,4,519,425,4118,0,33,0,8,1
93657,77,1743,1609,25322,0,360,31,15,3
93660,1,139,190,2707,0,19,3,6,1
93661,0,3,2,33,0,0,0,0,0
93662,41,1334,1301,20306,0,230,22,2,4
93664,3,103,49,632,0,17,2,0,1
93665,0,13,17,431,0,7,0,0,0
93666,0,29,28,455,0,4,0,0,1
93667,4,306,107,1856,0,38,0,0,0
93668,1,73,64,838,0,4,0,0,0
93669,1,15,10,251,0,2,1,1,0
93670,0,2,5,92,0,1,0,0,0
93673,0,44,28,598,0,2,0,0,1
93675,4,369,152,2690,0,63,5,0,0
93701,7,299,301,5157,0,62,2,0,2
93702,29,423,1540,25555,0,357,25,3,6
93703,28,409,1063,18903,0,237,19,1,5
93704,130,402,822,17770,0,658,63,0,3
93705,39,316,1027,20278,0,334,29,3,3
93706,42,2573,1789,24125,0,261,21,220,11
93707,0,3,4,36,0,2,0,0,0
93708,0,1,1,33,0,0,0,0,0
93709,0,41,22,58,0,2,0,1,0
93710,72,323,789,16944,0,427,42,1,4
93711,271,1176,1590,28085,0,976,132,1,1
93712,0,10,1,24,0,0,1,0,0
93714,0,15,5,30,0,2,0,0,0
93715,0,16,8,48,0,0,0,0,0
93716,0,0,1,23,0,1,0,0,0
93717,0,8,2,21,0,0,0,0,0
93718,0,0,0,18,0,0,0,0,0
93720,363,783,1500,31976,0,1137,177,3,0
93721,37,578,405,3222,0,83,14,24,1
93722,201,4073,3190,52976,0,1059,103,104,5
93723,36,1210,508,7919,0,195,23,12,1
93724,0,4,1,13,0,1,0,0,0
93725,27,3017,1469,17376,0,204,22,8,10
93726,49,434,1138,22644,0,430,32,4,4
93727,166,2251,2627,48609,0,948,85,5,9
93728,36,280,506,9269,0,194,13,0,5
93729,3,54,40,544,0,18,2,0,0
93730,160,282,422,8734,0,356,83,0,0
93737,28,294,241,3957,0,125,21,0,0
93740,21,16,19,133,0,1,1,0,0
93741,0,0,0,1,0,0,0,0,0
93744,2,34,21,208,0,5,0,1,0
93745,1,107,31,212,0,6,0,0,0
93747,2,33,24,243,0,2,1,0,0
93750,0,0,1,0,0,0,0,0,0
93755,0,38,17,292,0,7,1,0,0
93761,0,0,0,1,0,0,0,0,0
93762,0,0,0,5,0,0,0,0,0
93765,0,1,0,2,0,0,0,0,0
93771,0,20,0,32,0,0,0,0,0
93772,0,11,4,41,0,4,0,0,0
93773,0,3,6,30,0,1,0,0,0
93774,0,1,0,35,0,0,0,0,0
93775,0,28,18,38,0,0,0,0,0
93776,2,47,6,95,0,17,0,0,0
93777,0,113,5,56,0,2,0,18,0
93778,0,48,7,41,0,1,0,1,0
93779,0,14,4,29,0,2,0,0,0
93780,0,0,1,0,0,0,0,0,0
93784,0,0,0,1,0,0,0,0,0
93786,0,0,0,1,0,0,0,0,0
93790,1,71,17,86,0,2,0,0,0
93791,0,11,0,32,0,0,0,0,0
93792,0,2,2,21,0,1,0,0,0
93793,0,5,0,14,0,0,0,0,0
93794,0,55,5,155,0,4,0,0,0
93844,0,3,0,0,0,0,0,0,0
93888,0,0,0,2,0,0,0,0,0
93901,57,1634,1540,20933,0,521,55,21,3
93902,4,229,217,873,0,12,1,2,0
93905,34,1132,2375,42499,0,513,31,5,11
93906,56,1181,2240,42826,0,734,79,3,21
93907,54,1638,1089,18739,0,507,86,3,6
93908,90,1536,808,10949,0,480,69,1,2
93912,2,289,200,1424,0,27,3,1,0
93915,1,25,36,667,0,4,0,0,0
93920,2,131,46,1125,0,26,0,0,1
93921,72,92,63,3056,0,179,33,0,0
93922,10,129,45,1256,0,59,3,0,0
93923,198,459,289,9196,0,692,114,0,0
93924,74,550,192,5715,0,372,73,1,0
93925,2,116,86,1290,0,13,2,0,0
93926,11,578,535,6801,0,69,4,0,3
93927,4,411,715,12823,0,154,12,1,5
93928,0,8,6,141,0,6,1,0,0
93930,24,988,863,10734,0,99,11,0,4
93932,0,115,32,488,0,7,1,1,0
93933,80,423,723,16979,0,690,96,42,2
93940,194,1010,885,21780,1,1315,144,15,8
93942,7,122,66,1027,0,49,1,1,0
93943,0,1,1,81,0,1,1,0,0
93944,0,2,19,325,0,12,1,0,0
93950,104,342,367,10986,0,759,82,0,5
93953,83,146,143,4163,0,219,41,1,2
93954,0,19,9,202,0,3,0,0,0
93955,79,632,1024,23798,0,617,74,4,6
93960,13,675,962,13131,0,140,15,1,5
93962,2,127,74,698,0,30,2,0,0
94002,758,400,524,20296,5,1437,322,7,3
94003,27,3,0,53,0,7,6,0,0
94005,92,302,206,4115,1,286,57,6,1
94010,1270,1629,3354,36989,11,2645,539,20,10
94011,7,49,17,497,0,16,4,1,0
94012,0,0,0,3,0,0,0,0,0
94013,0,0,1,2,0,0,0,0,0
94014,175,394,775,31095,2,1761,125,8,5
94015,232,410,888,41238,8,3012,237,38,4
94016,0,1,2,60,0,4,0,0,0
94017,3,6,9,368,0,18,0,0,0
94018,47,164,124,2863,2,192,39,0,1
94019,227,796,554,12795,2,786,170,4,3
94020,18,133,43,1428,1,84,25,0,0
94021,1,15,6,162,0,11,3,0,0
94022,1385,391,362,15176,9,1560,408,4,2
94023,14,15,7,442,0,32,3,0,0
94024,1318,343,319,17030,17,1664,468,4,4
94025,1497,832,859,27856,9,2420,583,5,7
94026,9,21,19,681,0,42,8,0,0
94027,533,135,189,5613,1,448,137,1,1
94028,423,215,142,5428,1,656,138,2,1
94029,0,1,0,2,0,0,0,0,0
94030,335,286,477,17042,14,1158,151,10,0
94031,0,0,0,1,0,0,0,0,0
94035,6,11,3,116,0,3,0,0,0
94037,56,128,107,2288,0,191,42,0,0
94038,43,111,86,2446,0,158,31,2,2
94039,2,10,8,330,0,20,2,0,0
94040,874,280,382,22594,12,1799,411,3,3
94041,397,169,197,9748,4,794,203,5,2
94042,5,22,14,429,0,26,2,0,1
94043,981,657,637,21695,18,1597,500,9,2
94044,361,693,1163,29988,6,1936,265,10,5
94045,0,0,0,2,0,0,0,0,0
94060,12,162,70,1283,0,57,8,0,0
94061,529,557,836,26763,2,1462,294,8,7
94062,1014,983,680,22022,7,1545,397,15,1
94063,306,1012,1341,27645,1,1093,202,12,10
94064,3,47,24,702,1,39,4,0,0
94065,462,104,174,8837,6,653,211,2,1
94066,274,631,1092,33198,8,1846,206,17,5
94067,0,1,0,4,0,0,0,0,0
94070,968,1325,899,24319,6,1815,449,15,0
94074,1,60,13,215,0,12,2,0,0
94080,367,2036,4326,116752,10,4893,252,56,13
94083,4,77,24,407,0,18,1,14,0
94085,366,292,540,16573,12,738,207,3,4
94086,861,344,616,32129,21,1903,420,14,2
94087,1557,399,673,37605,29,2951,734,14,7
94088,5,44,23,489,0,19,2,5,0
94089,332,268,478,16679,7,855,205,6,0
94090,0,0,0,1,0,0,0,0,0
94098,0,1,0,0,0,0,0,0,0
94101,0,0,0,23,0,0,0,0,0
94102,103,167,213,7658,1,706,49,5,3
94103,195,635,481,11273,1,826,134,3,2
94104,370,23,47,1417,1,53,19,0,0
94105,229,4188,1537,7355,5,692,203,3,0
94106,0,0,0,16,0,1,0,0,0
94107,406,666,552,14581,4,1218,210,31,3
94108,37,83,68,3269,3,231,33,2,1
94109,251,211,305,18283,0,1391,158,17,1
94110,536,549,640,30640,5,2351,311,12,4
94111,61,99,140,2055,0,151,36,0,0
94112,346,451,825,44237,8,2889,285,17,2
94114,514,251,186,15900,5,1695,253,6,0
94115,282,214,210,15500,6,1210,151,0,0
94116,401,346,425,25427,10,2338,260,6,3
94117,340,280,204,16342,3,1491,204,2,0
94118,345,461,265,19450,7,1805,205,2,1
94119,2,6,13,295,0,7,1,1,0
94120,1,4,3,40,0,1,0,0,0
94121,319,278,309,20993,11,2040,209,3,2
94122,389,363,407,29914,8,2899,267,7,1
94123,268,223,198,13212,3,809,134,2,2
94124,600,3082,2161,26004,5,2471,238,179,4
94125,0,2,1,41,0,1,0,0,0
94126,3,6,10,85,0,4,1,0,0
94127,350,178,216,12412,3,1215,163,1,0
94128,5,95,162,617,0,30,3,0,0
94129,69,86,78,1809,0,160,25,0,0
94130,13,50,49,915,1,80,12,1,0
94131,467,217,225,15746,5,1626,292,2,3
94132,181,151,259,13831,5,1164,121,7,2
94133,159,172,170,9622,1,748,90,3,0
94134,162,486,480,23880,4,1703,155,111,6
94135,0,1,0,0,0,0,0,0,0
94137,0,0,0,1,0,0,0,0,0
94138,0,0,0,1,0,0,0,0,0
94139,1,0,0,3,0,0,0,0,0
94140,0,8,6,171,0,9,0,0,0
94141,0,25,4,219,0,52,0,0,0
94142,3,9,134,731,0,62,1,2,0
94143,23,9,16,126,0,18,0,0,0
94144,0,0,0,5,0,0,0,0,0
94146,1,1,1,68,0,3,0,0,0
94147,2,10,7,148,0,6,0,0,0
94150,0,1,0,3,0,0,0,0,0
94151,0,1,0,1,0,0,0,0,0
94152,0,0,1,1,0,0,0,0,0
94153,0,0,0,4,0,0,0,0,0
94154,0,0,0,1,0,0,0,0,0
94155,0,0,0,5,0,0,0,1,0
94156,0,0,0,1,0,0,0,0,0
94158,111,185,22,2663,2,204,50,9,0
94159,1,4,3,131,0,7,0,0,1
94160,0,0,0,2,0,0,0,0,0
94161,0,0,0,1,0,0,0,0,0
94162,0,0,0,1,0,0,0,0,0
94163,0,20,0,2,0,0,0,0,0
94164,3,10,2,86,0,8,2,0,0
94168,0,0,0,3,0,0,0,0,0
94170,0,0,0,1,0,0,0,0,0
94172,0,0,2,23,0,1,1,0,0
94177,0,0,0,6,0,2,0,0,0
94188,3,49,15,438,0,13,1,1,0
94199,0,1,0,0,0,0,0,0,0
94203,0,0,1,6,0,0,0,0,0
94204,0,0,0,5,0,0,0,0,0
94205,0,0,0,3,0,0,0,0,0
94206,0,0,1,2,0,0,0,0,0
94207,0,0,0,1,0,1,0,0,0
94208,0,0,1,1,0,0,0,0,0
94209,0,0,0,0,0,1,0,0,0
94211,0,0,0,1,0,0,0,0,0
94230,0,0,10,2,0,0,0,0,0
94232,0,0,4,9,0,0,0,0,0
94234,0,0,0,3,0,0,0,0,0
94236,5,132,46,259,0,0,0,1,2
94237,0,0,0,0,0,1,0,0,0
94239,0,0,0,1,0,0,0,0,0
94240,0,5,0,0,0,0,0,14,0
94244,3,813,122,961,0,0,4,1,2
94245,0,0,0,2,0,0,0,0,0
94246,0,0,4,0,0,0,0,0,0
94248,0,1,0,0,0,0,0,0,0
94252,0,0,1,10,0,0,0,0,0
94254,0,0,1,0,0,0,0,0,0
94258,0,1,0,0,0,0,0,0,0
94261,0,0,0,1,0,0,0,0,0
94269,0,0,0,2,0,0,0,0,0
94271,0,0,0,1,0,0,0,0,0
94274,0,0,0,2,0,0,0,0,0
94279,0,0,1,1,0,0,0,0,0
94280,0,0,2,1,0,0,0,0,0
94283,0,78,15,249,0,7,0,0,4
94286,0,0,0,1,0,0,0,0,0
94287,0,0,0,4,0,0,0,0,0
94288,0,1,0,0,0,0,0,0,0
94289,0,1,1,3,0,0,0,0,0
94290,0,0,0,1,0,0,0,0,0
94293,0,0,0,1,0,0,0,0,0
94294,0,1,1,14,0,0,0,0,0
94295,0,1,0,13,0,1,0,0,0
94296,22,24,50,135,0,6,0,0,0
94297,0,3,4,76,0,3,0,0,0
94298,0,0,0,1,0,0,0,0,0
94301,929,239,239,10475,4,1236,289,12,0
94302,4,14,13,322,0,22,1,0,0
94303,938,642,1116,33498,13,2035,403,49,10
94304,102,103,58,2032,1,231,34,0,3
94305,306,131,123,3597,1,407,68,4,0
94306,956,253,325,17788,8,2066,410,8,4
94307,0,0,0,3,0,0,0,0,0
94308,0,0,0,2,0,0,0,0,0
94309,3,8,5,240,0,17,3,0,0
94310,0,1,0,1,0,0,0,0,0
94401,252,503,832,25233,4,1213,187,25,2
94402,572,422,549,20058,7,1421,285,9,1
94403,619,567,887,31733,8,1948,356,4,5
94404,762,303,513,25171,13,1976,399,7,1
94406,0,0,0,4,0,0,0,0,0
94408,0,0,0,1,0,0,0,0,0
94497,0,0,0,1,0,0,0,0,0
94501,692,897,1017,39574,7,3023,531,20,5
94502,258,177,304,10142,2,831,226,8,2
94503,106,655,627,16822,0,716,161,8,1
94505,95,812,715,11740,1,476,102,3,1
94506,669,398,578,19047,12,1053,372,2,0
94507,455,554,485,13410,6,640,219,7,0
94508,21,196,101,2282,0,89,18,0,1
94509,87,1549,2534,45819,0,1255,160,10,4
94510,243,1648,1284,23523,1,1354,324,9,4
94511,14,124,78,1633,0,40,7,1,2
94512,0,17,3,93,1,2,1,0,1
94513,371,2414,2677,47472,1,2114,425,6,3
94514,8,339,109,1234,0,24,3,1,0
94515,46,437,247,5564,0,240,37,0,1
94516,4,5,4,225,0,19,1,0,0
94517,107,515,462,10580,3,531,100,3,2
94518,121,586,793,20439,3,949,145,10,0
94519,90,443,614,14276,0,573,96,5,2
94520,100,1865,1788,27987,1,1001,129,51,5
94521,191,906,1158,31988,2,1400,204,11,4
94522,1,40,20,364,0,7,0,0,0
94523,251,877,880,26076,2,1450,257,10,5
94524,2,132,52,568,0,22,4,2,0
94525,19,105,117,2563,0,140,21,1,0
94526,598,1012,1054,26711,15,1423,343,16,1
94527,0,0,0,2,0,0,0,0,0
94528,52,35,50,964,0,27,14,1,0
94529,0,0,0,4,0,0,1,0,0
94530,303,286,345,16766,1,1730,287,11,1
94531,115,670,1304,31544,2,1287,226,7,4
94533,137,1876,2791,53064,0,1497,222,59,6
94534,282,1492,1630,32999,1,1346,314,12,1
94535,11,39,118,1864,0,46,5,0,0
94536,1320,916,1223,47464,22,2711,800,13,8
94537,3,46,31,526,0,39,3,0,0
94538,1206,1915,1761,46407,16,2361,581,72,7
94539,2457,818,821,36178,34,3022,1112,10,4
94540,3,54,29,436,0,3,4,4,1
94541,261,1010,1743,46324,7,1603,299,24,8
94542,261,244,279,10104,5,632,162,4,1
94543,0,10,11,148,0,1,1,0,0
94544,243,1659,2140,55548,5,1830,239,26,13
94545,240,2132,1403,26934,9,1024,187,12,8
94546,318,875,1066,34204,13,1734,349,19,4
94547,214,343,507,19707,3,1094,255,15,4
94548,0,118,35,652,0,15,3,0,0
94549,687,665,640,21691,3,1616,448,11,2
94550,509,2901,2209,39950,2,1756,417,42,7
94551,240,2331,1961,32985,8,1278,248,8,5
94552,310,331,309,12073,18,819,222,7,0
94553,302,2234,2153,40733,2,1896,296,169,4
94555,1597,282,385,23529,17,1540,532,4,4
94556,279,276,278,11149,1,859,222,4,1
94557,2,18,3,143,0,8,1,0,0
94558,419,3773,2558,53066,0,2244,353,54,20
94559,143,1117,998,20816,1,973,147,23,3
94560,610,1069,1166,35784,15,1518,388,12,3
94561,100,1603,1856,31689,0,1012,182,6,3
94562,8,67,37,276,0,11,1,0,0
94563,684,432,478,14696,4,1217,383,5,0
94564,102,478,516,15233,0,765,139,11,1
94565,180,1784,2976,68461,2,2049,282,20,26
94566,1010,969,1244,33451,16,1961,605,29,0
94567,1,75,35,496,0,21,3,0,0
94568,1584,948,1170,40659,27,2432,834,7,0
94569,1,6,14,221,0,4,1,0,0
94570,1,5,1,168,0,9,1,1,0
94571,48,674,486,7998,1,393,53,0,1
94572,25,202,274,6779,0,276,51,2,1
94573,17,123,57,541,0,15,5,0,0
94574,146,776,471,7303,0,333,67,0,1
94575,0,1,8,100,0,4,0,0,0
94576,0,10,7,159,0,8,3,0,0
94577,260,3465,1725,36439,7,1684,306,117,4
94578,125,544,897,26487,5,1080,172,14,7
94579,108,291,445,16674,4,635,153,10,4
94580,111,430,774,22425,3,685,122,12,8
94581,4,90,33,676,0,17,2,0,0
94582,1532,337,445,27798,52,2084,693,8,0
94583,676,906,1008,29434,33,1734,488,14,2
94585,36,651,1014,22457,1,625,93,10,3
94586,17,134,47,1030,1,29,13,2,0
94587,816,1656,1513,51740,19,2446,514,36,10
94588,659,733,942,26075,11,1613,446,11,2
94589,46,605,790,22801,0,604,84,5,5
94590,85,759,1124,26105,0,999,138,28,5
94591,183,901,1445,43170,1,1803,366,20,4
94592,9,60,56,681,0,39,12,1,0
94595,180,235,347,12474,1,1213,175,1,1
94596,268,501,551,16731,2,1088,193,6,0
94597,212,419,423,15825,3,1055,207,9,1
94598,360,436,531,20334,4,1328,269,5,0
94599,44,135,103,2304,0,126,18,2,0
94601,106,653,992,30151,2,1101,132,15,7
94602,387,272,365,18375,5,1697,329,6,3
94603,39,688,920,22306,0,505,52,208,2
94604,3,81,35,671,0,26,1,1,0
94605,309,366,947,27226,3,1386,238,12,4
94606,112,400,765,20508,5,1277,178,9,8
94607,167,864,563,12798,3,988,156,42,5
94608,229,498,506,16657,6,1350,208,2,5
94609,151,201,196,11058,2,1106,142,5,3
94610,446,281,291,17864,4,1925,328,13,1
94611,1021,512,410,24993,15,2853,677,13,2
94612,222,1149,515,8090,5,786,88,25,2
94613,1,2,7,92,0,6,1,0,0
94614,1,36,21,180,0,9,0,0,0
94615,1,4,0,7,0,0,0,0,0
94617,1,0,0,8,0,0,0,0,0
94618,433,172,129,9993,2,1238,303,7,0
94619,261,258,344,15931,5,1261,235,9,4
94620,1,2,3,181,0,9,0,0,0
94621,46,1334,1157,20846,0,564,68,223,3
94622,1,0,1,4,0,0,0,0,0
94623,16,198,55,1264,0,47,3,0,2
94624,1,0,2,71,0,1,2,0,0
94625,0,0,0,4,0,0,0,0,0
94626,0,1,0,2,0,0,0,0,0
94627,0,1,0,2,0,0,0,0,0
94649,0,0,0,1,0,0,0,0,0
94661,3,1,2,63,0,4,3,0,0
94662,5,12,7,273,0,12,1,0,0
94666,0,0,0,3,0,0,0,0,0
94701,0,4,1,127,0,4,0,4,0
94702,190,287,253,9477,0,1020,121,18,0
94703,166,173,166,9791,1,1157,165,8,2
94704,77,129,119,6183,1,630,61,13,0
94705,332,156,99,8190,2,1105,207,3,3
94706,222,161,180,10698,4,1290,213,14,1
94707,363,209,106,8115,1,1321,259,6,0
94708,369,139,76,7246,0,1090,260,11,2
94709,83,70,84,4945,2,611,68,5,2
94710,96,423,262,5176,1,401,70,5,1
94712,1,7,0,56,0,4,1,0,0
94720,4,11,2,142,0,7,0,1,0
94801,108,863,983,20866,2,769,90,8,3
94802,0,32,75,563,0,10,0,0,0
94803,188,595,653,19839,2,1135,208,14,3
94804,198,726,1159,28325,1,1459,202,14,9
94805,87,176,287,9901,2,725,112,8,0
94806,147,786,1501,42854,2,1813,267,24,6
94807,0,24,3,194,0,14,1,1,0
94808,0,0,3,39,0,2,0,0,1
94820,1,30,15,373,0,13,3,0,0
94850,0,0,0,1,0,0,0,0,0
94901,500,1566,972,32135,9,2039,325,16,1
94903,440,618,640,22186,9,1808,328,13,1
94904,315,252,158,8966,3,801,131,4,1
94912,3,119,42,1101,0,45,3,1,0
94913,6,74,76,278,0,48,4,0,0
94914,1,22,14,206,0,18,1,0,0
94915,2,49,13,500,0,30,4,2,0
94920,430,315,170,9769,6,685,160,0,2
94922,5,111,20,559,0,23,2,0,0
94923,22,125,56,1512,0,90,19,0,2
94924,19,77,31,1038,1,107,14,0,0
94925,171,208,226,7226,2,604,86,1,1
94926,0,3,1,4,0,0,0,0,0
94927,4,103,50,470,0,7,3,1,0
94928,168,1607,1995,30811,0,1205,235,5,3
94929,6,19,6,149,0,18,0,0,0
94930,137,198,139,6344,1,657,87,3,0
94931,80,745,429,7430,0,374,86,2,4
94933,7,34,17,746,0,77,9,0,0
94937,28,74,16,759,0,102,16,0,0
94938,9,41,7,545,0,54,8,1,0
94939,149,142,92,5194,3,459,89,1,1
94940,2,29,10,127,0,5,1,0,0
94941,744,644,374,21924,11,2096,426,5,1
94942,3,35,18,587,1,39,4,0,0
94945,213,600,575,14749,1,935,201,6,5
94946,24,75,16,543,1,55,11,0,0
94947,199,583,697,19684,4,1249,198,4,4
94948,6,99,83,1022,0,62,2,0,1
94949,218,451,463,13845,0,950,227,8,1
94950,3,9,3,106,0,4,1,0,0
94951,56,567,192,4030,0,182,56,0,1
94952,407,2413,1220,27094,3,1686,355,9,9
94953,3,111,27,494,0,19,5,0,2
94954,222,1642,1428,30463,0,1371,318,5,3
94955,3,66,22,401,0,8,6,0,1
94956,13,109,45,1211,0,131,16,0,0
94957,90,60,45,1768,0,122,43,0,0
94960,317,347,269,10907,3,985,179,4,1
94963,14,28,7,508,0,51,8,1,0
94964,6,18,18,351,0,12,2,0,0
94965,188,249,166,8460,3,638,104,1,0
94966,3,23,12,529,0,37,2,1,0
94970,8,30,24,601,1,42,5,0,0
94971,6,54,9,337,0,14,3,2,0
94972,1,64,8,288,0,5,2,0,0
94973,23,52,37,1238,0,123,26,0,1
94974,0,0,0,1,0,0,0,0,0
94975,3,128,16,466,0,21,6,1,1
94976,0,21,10,252,0,6,2,0,0
94977,1,6,2,222,0,21,0,0,0
94978,0,19,9,304,0,11,3,0,0
94979,2,16,14,309,0,18,3,1,0
94998,1,0,0,1,0,0,0,0,0
94999,0,0,0,1,0,0,0,0,0
95001,6,95,35,1060,0,45,9,0,0
95002,24,121,113,1723,0,61,15,0,1
95003,265,768,672,19784,3,1397,282,5,1
95004,33,634,264,3908,0,148,30,0,0
95005,47,373,179,5434,0,316,59,1,2
95006,91,505,275,8183,2,428,102,1,2
95007,4,21,28,616,0,31,6,0,1
95008,916,1261,1435,35527,22,1937,627,24,3
95009,2,16,16,286,0,9,2,0,0
95010,83,327,296,7973,0,403,55,4,2
95011,2,34,24,604,1,27,4,0,2
95012,11,650,549,8763,0,142,9,38,4
95013,1,43,10,141,0,3,1,0,0
95014,2203,636,638,39472,46,3619,1036,8,4
95015,18,23,15,582,0,32,4,1,0
95017,3,92,18,751,0,42,6,1,1
95018,65,386,249,6890,1,402,91,0,0
95019,7,235,285,5906,0,97,5,2,2
95020,354,3133,2768,47922,5,1787,724,39,9
95021,2,138,58,1157,0,23,6,0,1
95023,138,2973,2805,42438,1,1077,290,11,8
95024,0,114,58,805,0,10,3,0,0
95026,0,0,0,16,0,0,0,0,0
95030,695,342,348,10787,13,704,336,12,0
95031,14,83,41,1080,0,44,5,1,1
95032,1047,697,621,20239,15,1288,598,12,4
95033,304,505,252,8167,5,598,186,2,2
95035,1406,1337,1343,54283,28,2772,813,68,8
95036,2,35,15,560,0,13,3,5,0
95037,862,2194,2113,40010,17,1869,1113,27,6
95038,4,133,54,1128,0,27,8,1,0
95039,5,179,109,1449,0,47,7,0,0
95041,5,24,14,492,0,22,4,0,0
95042,0,5,4,73,0,6,1,0,0
95043,2,133,38,468,0,17,3,0,0
95044,3,31,5,215,0,10,1,0,0
95045,24,436,226,3514,0,157,26,5,0
95046,54,710,389,6339,0,178,89,3,4
95050,499,1049,1179,27141,16,1455,316,87,10
95051,1061,615,1012,42558,24,2413,626,7,5
95052,1,73,16,383,0,16,2,0,0
95053,14,1,5,68,0,10,1,0,0
95054,570,620,619,17163,10,891,309,53,6
95055,1,8,14,527,1,20,1,1,0
95056,1,17,7,341,0,11,4,0,0
95060,591,1563,1033,30225,4,2319,397,66,7
95061,4,82,26,896,0,33,4,1,1
95062,269,1108,877,27200,1,1639,248,13,4
95063,4,95,31,1079,0,46,4,1,1
95064,46,47,83,748,0,60,14,8,2
95065,103,332,208,6666,0,375,97,1,3
95066,237,548,475,12298,3,787,173,3,1
95067,6,47,23,594,0,25,4,1,0
95070,1796,500,488,24949,59,2129,772,12,3
95071,1,9,7,118,0,3,1,0,0
95073,123,511,356,9566,0,619,96,4,1
95075,5,119,51,575,0,14,5,0,0
95076,198,3338,3149,62876,2,1521,194,14,20
95077,1,212,112,1443,0,22,2,1,0
95101,0,0,1,15,0,0,0,0,0
95103,0,3,3,61,0,1,0,0,0
95106,0,421,8,98,0,5,0,1,0
95108,0,1,2,83,0,0,1,0,0
95109,1,19,20,378,0,15,1,1,0
95110,209,633,739,14546,4,620,147,14,3
95111,253,916,1396,44132,11,1410,261,9,11
95112,483,3198,2245,36460,10,1992,347,180,9
95113,66,60,76,1759,1,88,35,1,1
95114,0,0,0,3,0,0,0,0,0
95115,0,1,0,4,0,1,0,0,0
95116,107,792,1187,34541,5,934,120,12,9
95117,285,258,604,20339,8,1040,221,10,4
95118,545,443,858,23239,9,1091,408,13,3
95119,147,290,314,7878,2,384,141,21,4
95120,1555,580,798,28649,33,1940,1139,29,3
95121,366,403,696,28987,10,1207,246,11,8
95122,96,553,1466,40550,3,1025,100,14,7
95123,878,863,1663,47792,20,2336,853,33,8
95124,1164,758,1204,35661,29,1866,767,20,4
95125,1219,936,1347,38090,25,1952,801,20,6
95126,489,1074,830,24072,10,1228,324,13,5
95127,274,1107,1745,47361,11,1487,308,15,13
95128,380,461,824,23974,8,1131,273,15,4
95129,950,268,469,27291,34,2159,500,6,2
95130,302,144,253,9468,12,589,172,5,2
95131,564,709,1192,24315,18,1406,351,14,1
95132,504,460,614,31195,21,1631,349,14,10
95133,299,711,729,21093,11,975,199,31,3
95134,528,866,500,18059,33,985,385,3,1
95135,916,223,304,14733,15,1146,478,5,2
95136,600,582,995,33122,15,1538,494,20,2
95137,0,1,0,3,0,0,0,0,0
95138,809,242,354,13339,10,818,453,9,0
95139,117,110,168,5182,2,237,110,4,0
95140,6,32,22,331,1,16,10,0,0
95141,1,4,1,48,0,1,0,0,0
95142,0,0,0,1,0,0,0,0,0
95148,611,657,816,36418,16,1700,410,25,6
95150,3,59,25,653,0,22,6,1,0
95151,2,22,21,802,0,13,0,0,1
95152,4,7,8,258,0,8,2,0,0
95153,3,53,22,430,0,20,3,0,0
95154,3,35,20,350,0,10,4,0,0
95155,2,17,10,192,0,10,2,0,0
95156,0,19,12,448,0,6,1,0,0
95157,3,13,13,385,1,27,1,2,0
95158,1,25,16,373,0,7,2,0,0
95159,0,56,42,559,0,17,1,0,0
95160,3,48,13,267,1,10,4,1,0
95161,5,51,26,756,0,33,4,2,0
95164,4,10,3,150,0,9,2,1,0
95170,0,4,2,119,0,2,2,0,0
95172,0,2,3,70,0,1,0,0,0
95173,2,31,13,373,0,6,0,1,0
95191,0,0,0,1,0,0,0,0,0
95192,25,6,8,31,0,0,0,0,1
95196,0,0,0,1,0,0,0,0,0
95201,3,157,77,438,0,10,0,0,0
95202,13,354,497,3335,0,175,29,1,3
95203,15,290,570,9287,0,172,13,3,3
95204,32,381,1030,18580,0,456,55,4,7
95205,28,1229,1658,24590,0,289,31,2,8
95206,59,2408,2548,44192,0,797,88,21,16
95207,59,508,1550,28400,0,635,64,6,7
95208,1,55,50,364,0,5,3,0,1
95209,55,671,1489,28877,0,720,95,2,4
95210,33,365,980,23887,0,465,40,2,7
95211,3,3,5,72,0,1,1,0,0
95212,63,948,891,20461,0,578,77,1,2
95213,8,240,87,388,0,9,4,0,0
95214,0,0,1,3,0,0,0,0,0
95215,22,2130,1271,16985,0,254,24,5,6
95219,108,409,987,19369,1,746,98,4,2
95220,21,960,497,5725,0,109,22,1,0
95221,0,213,76,1221,0,19,0,0,1
95222,16,545,211,4213,0,104,6,1,0
95223,11,491,181,5110,0,89,8,1,2
95224,1,70,22,592,0,5,3,0,0
95225,0,145,52,974,0,13,0,0,1
95226,0,7,1,99,0,0,0,0,0
95227,4,205,65,678,0,13,3,0,1
95228,20,589,261,5126,0,126,14,0,1
95229,0,8,2,43,0,0,0,0,0
95230,1,128,46,592,0,7,3,1,0
95231,0,520,208,2568,0,33,3,1,2
95232,0,36,8,317,0,4,0,0,1
95233,0,43,14,476,0,6,0,0,0
95234,0,32,17,203,0,1,0,0,0
95236,7,648,492,4212,0,60,10,0,2
95237,6,299,224,2700,0,39,5,1,1
95240,70,2192,2297,31936,0,663,78,69,6
95241,8,206,103,738,0,14,1,1,1
95242,65,1335,1329,19915,1,527,55,10,3
95245,7,287,89,1969,0,45,4,1,1
95246,2,310,79,1952,0,43,2,0,1
95247,15,460,211,4638,0,120,17,0,0
95248,1,61,22,600,0,7,1,0,0
95249,2,549,245,4015,0,92,6,1,2
95250,0,1,0,8,0,0,0,0,0
95251,0,109,43,654,0,10,1,0,0
95252,15,1651,844,14586,0,300,32,2,1
95253,3,51,27,348,0,4,1,1,0
95254,1,107,49,733,0,19,5,0,0
95255,2,214,87,2111,0,34,3,0,2
95257,0,67,9,550,0,7,2,0,0
95258,5,195,227,3490,0,91,7,0,1
95267,0,24,27,290,0,9,2,0,0
95269,0,25,38,601,0,16,4,0,0
95290,0,0,0,1,0,0,0,0,0
95301,49,1697,1721,26977,0,480,61,7,9
95303,3,158,67,691,0,14,3,0,0
95304,55,1408,807,11298,0,366,63,5,1
95305,0,55,12,444,0,7,1,0,0
95306,3,171,55,967,0,19,5,1,1
95307,48,2446,1809,31401,0,446,42,3,3
95309,0,39,12,221,0,1,0,0,0
95310,2,230,96,2393,0,45,11,0,0
95311,3,272,103,2475,0,35,2,1,0
95312,0,27,15,232,0,1,0,0,1
95313,1,145,123,1052,0,12,1,0,0
95314,0,0,0,4,0,0,0,0,0
95315,9,507,549,9080,0,129,14,2,1
95316,23,622,438,5167,0,69,14,0,0
95317,2,137,74,659,0,2,1,0,1
95318,1,18,9,449,0,29,1,0,0
95319,2,96,82,1512,0,15,0,1,0
95320,23,1579,856,10045,0,141,26,0,3
95321,17,419,211,4504,0,89,9,2,2
95322,17,685,506,7112,0,120,19,0,0
95323,5,239,95,948,0,22,2,0,0
95324,18,945,470,5453,0,65,9,0,3
95325,0,30,10,112,0,0,0,0,0
95326,34,943,619,7564,0,110,19,0,2
95327,8,645,363,5966,0,67,4,0,0
95328,5,149,149,2742,0,42,5,0,1
95329,4,376,184,2689,0,59,9,0,0
95330,84,1658,922,17622,0,547,109,9,1
95333,5,274,161,1978,0,13,1,0,1
95334,16,1176,583,11157,0,149,18,1,2
95335,1,62,18,590,0,5,0,0,0
95336,93,2137,2244,35089,1,735,81,16,13
95337,128,2164,1765,28680,0,844,124,17,1
95338,20,1246,621,11422,0,227,25,0,4
95340,74,1076,1510,22380,0,581,57,3,6
95341,19,1058,1134,18934,0,208,18,5,6
95342,0,0,0,4,0,0,0,0,0
95343,8,3,14,39,0,4,0,2,0
95344,0,85,34,369,0,6,1,0,0
95345,0,51,28,806,0,14,0,0,0
95346,2,121,57,1419,0,13,1,0,0
95347,1,20,9,101,0,1,0,0,0
95348,24,787,999,18350,0,418,44,2,2
95350,84,1041,1985,34392,0,816,69,2,5
95351,36,1122,1790,30631,1,412,38,4,8
95352,5,146,105,456,0,5,5,1,0
95353,28,353,94,666,0,9,1,1,0
95354,63,1023,1153,16994,0,362,45,29,5
95355,94,1177,2141,40344,0,1051,110,5,4
95356,108,1372,1621,24920,0,658,79,2,1
95357,32,746,719,9560,0,211,21,0,1
95358,39,1932,1798,23175,0,347,21,18,5
95360,17,582,638,9183,0,153,26,4,0
95361,80,3423,2008,24591,0,533,68,2,2
95363,41,1043,1346,19567,0,498,87,3,4
95364,4,57,20,334,0,2,0,0,0
95365,1,107,151,3044,0,25,2,0,3
95366,96,1649,1019,13454,0,331,41,12,13
95367,33,675,944,17171,0,333,29,9,1
95368,19,541,671,10654,0,238,20,1,1
95369,1,132,42,690,0,11,1,1,0
95370,48,2489,1383,25444,0,470,41,1,3
95372,1,221,97,2396,0,23,3,0,0
95373,0,41,30,274,0,1,1,0,0
95374,5,241,115,1292,0,17,1,0,1
95375,0,13,2,76,0,1,0,0,0
95376,111,1603,2111,39082,1,1242,166,19,4
95377,159,1325,1118,24064,3,1113,193,3,2
95378,1,125,43,435,0,11,3,0,0
95379,6,419,177,3814,0,53,4,1,0
95380,53,2617,2007,27999,0,440,52,17,6
95381,4,273,163,922,0,12,1,12,1
95382,115,1478,1444,25214,1,610,95,4,1
95383,8,419,214,5044,0,58,8,0,3
95385,0,47,29,270,0,3,0,0,0
95386,31,605,543,7112,0,103,11,2,0
95387,1,135,85,778,0,6,0,0,0
95388,3,534,514,8925,0,121,8,0,2
95389,3,43,32,916,0,14,0,1,0
95391,368,261,414,10764,4,829,234,3,1
95397,0,0,0,3,0,0,0,0,0
95401,226,1514,1312,27652,0,1141,246,6,4
95402,11,195,82,1388,1,45,10,3,1
95403,260,1766,1627,30269,2,1382,259,9,9
95404,375,1299,1076,27780,0,1601,334,6,4
95405,216,544,640,16370,0,985,213,2,4
95406,2,106,39,504,0,20,2,0,0
95407,156,2475,1584,31194,2,908,190,93,10
95408,0,0,0,1,0,0,0,0,0
95409,225,735,721,20318,0,1459,244,4,2
95410,12,135,30,916,0,50,18,0,0
95412,2,64,12,262,0,4,4,0,0
95415,6,181,48,1481,1,39,4,1,1
95416,0,38,60,1535,0,20,3,0,0
95417,0,14,6,165,0,5,0,0,0
95418,0,131,69,482,0,3,0,0,0
95419,3,20,12,319,0,19,6,0,0
95420,5,24,16,195,0,15,5,0,0
95421,15,292,45,1532,0,58,14,2,0
95422,12,564,571,12204,0,184,20,3,3
95423,7,343,180,3934,0,73,13,2,1
95424,0,24,17,424,0,11,0,0,0
95425,67,919,521,10987,0,327,80,1,2
95426,2,206,82,1876,0,53,10,0,0
95427,3,64,18,426,0,16,13,0,0
95428,1,352,112,2052,0,18,3,0,2
95429,1,10,3,98,0,1,1,0,0
95430,1,34,7,261,0,11,1,1,0
95431,0,10,22,189,0,5,0,0,2
95432,2,64,17,390,0,22,4,0,0
95433,2,45,25,699,0,18,0,0,1
95435,0,35,22,459,0,6,0,0,0
95436,63,506,232,6381,0,261,62,3,0
95437,60,1198,606,12105,0,396,101,0,6
95439,6,116,44,913,0,17,10,0,0
95441,26,385,185,2821,0,85,20,0,0
95442,40,179,81,2736,0,179,27,1,0
95443,2,9,10,323,0,1,1,0,0
95444,23,92,42,852,0,74,19,0,0
95445,22,280,105,2751,0,125,35,1,1
95446,43,291,155,5110,0,217,51,0,0
95448,214,1467,885,18093,2,769,177,4,2
95449,5,210,78,1438,0,40,3,0,0
95450,7,47,6,436,0,31,5,0,0
95451,31,966,554,11434,0,249,33,0,2
95452,39,104,48,1267,0,80,19,1,0
95453,17,943,702,11173,0,246,29,1,6
95454,1,499,102,2515,0,47,3,0,1
95456,7,64,24,680,0,40,17,0,0
95457,12,497,186,3823,0,81,8,2,3
95458,2,131,129,2467,0,46,3,0,1
95459,2,76,19,508,0,22,6,0,0
95460,26,247,100,2668,0,162,55,0,0
95461,11,607,176,3625,0,90,17,2,0
95462,8,86,37,1240,0,68,14,0,0
95463,4,22,2,137,0,4,3,0,0
95464,4,122,94,2223,0,25,5,0,1
95465,41,222,59,2231,0,133,38,0,1
95466,7,158,52,1282,0,52,8,0,0
95467,25,397,252,4901,0,188,32,0,0
95468,12,136,35,1198,0,52,19,0,1
95469,4,383,70,1877,0,39,4,0,0
95470,17,881,252,5562,0,156,22,1,0
95471,1,20,15,455,0,19,4,0,0
95472,497,2054,873,22912,0,1912,431,27,3
95473,5,115,38,666,0,49,10,0,0
95476,335,1640,1148,26825,6,1509,318,6,17
95480,0,27,4,121,0,5,1,0,0
95481,1,55,29,925,0,20,1,0,0
95482,92,2494,1203,25740,0,763,87,3,6
95485,3,307,130,2519,0,33,5,0,2
95486,4,3,4,124,0,5,0,0,0
95487,0,55,18,375,0,9,4,0,0
95488,2,25,6,181,0,7,1,0,0
95490,21,1329,538,11817,0,284,52,1,5
95492,167,1576,1078,21885,0,882,265,3,5
95493,1,51,6,259,0,6,0,0,0
95494,0,49,9,358,0,12,1,0,0
95497,18,40,23,569,0,57,6,0,0
95501,49,1229,1043,15944,0,507,63,10,3
95502,7,196,63,1457,0,37,4,1,0
95503,61,1794,842,17801,0,542,139,6,4
95511,0,63,8,248,0,1,0,0,0
95514,0,61,10,188,0,1,0,0,0
95518,6,117,47,936,0,36,14,0,2
95519,61,1491,672,13412,0,535,189,2,3
95521,94,1034,496,11870,0,611,138,4,2
95524,23,215,48,1718,0,124,36,0,0
95525,12,277,52,1609,0,51,13,0,0
95526,2,97,27,470,0,6,1,0,0
95527,1,72,13,323,0,7,0,0,0
95528,2,176,39,841,0,16,4,0,1
95531,21,1501,987,14840,0,253,28,4,4
95534,1,46,9,279,0,7,0,0,0
95536,5,495,144,2419,0,64,12,0,2
95537,1,38,8,306,0,5,2,0,0
95538,0,44,7,185,0,1,0,0,0
95540,26,1478,605,10799,0,220,65,2,9
95542,11,460,90,2333,0,42,9,0,1
95543,6,52,32,587,0,22,3,0,0
95545,0,57,7,149,0,1,1,0,0
95546,1,232,131,1700,0,36,2,0,2
95547,4,216,60,1115,0,26,7,0,0
95548,1,116,64,783,0,19,3,0,0
95549,7,157,24,661,0,24,20,0,0
95550,0,37,95,145,0,5,0,0,0
95551,3,182,56,1229,0,38,6,0,1
95552,0,86,21,328,0,2,0,0,0
95553,2,144,29,850,0,10,1,1,1
95554,0,109,14,430,0,4,0,0,0
95555,0,61,15,285,0,10,1,0,0
95556,0,47,16,393,0,5,2,0,1
95558,0,84,10,404,0,7,2,0,0
95559,1,27,5,200,0,2,0,0,0
95560,7,464,78,2485,0,42,10,0,1
95562,5,282,143,2421,0,38,12,0,1
95563,1,85,28,528,0,8,3,0,0
95564,0,28,17,288,0,15,1,0,0
95565,1,68,30,639,0,7,2,0,0
95567,4,145,93,1602,0,24,4,0,3
95568,0,9,2,145,0,2,0,0,0
95569,0,58,10,192,0,4,1,0,0
95570,22,245,81,2078,0,127,58,0,1
95571,0,36,5,238,0,2,2,0,0
95573,2,295,68,1527,0,37,11,0,1
95585,0,73,19,431,0,7,2,0,2
95587,0,36,5,198,0,1,0,0,0
95589,7,255,42,1243,0,32,5,1,0
95595,0,54,9,203,0,0,1,0,0
95601,2,26,8,290,0,16,0,0,0
95602,89,1487,730,15549,0,575,64,5,4
95603,102,1815,1360,23164,1,855,121,24,5
95604,8,315,86,2060,0,46,5,1,0
95605,48,491,1337,11842,1,381,48,1,2
95606,9,70,30,297,0,8,1,1,0
95607,0,46,30,266,0,7,2,0,0
95608,234,1465,1754,42673,3,1934,223,4,8
95609,1,74,23,872,0,32,2,1,0
95610,68,1389,1426,30968,0,1026,92,8,4
95611,0,25,23,613,0,13,2,0,0
95612,3,157,87,1155,0,31,4,0,0
95613,1,48,13,393,1,23,5,0,1
95614,21,455,170,3681,0,128,14,0,0
95615,2,73,57,725,0,13,3,0,0
95616,393,694,946,20843,15,2047,345,78,11
95617,18,116,52,828,0,43,2,14,0
95618,326,731,835,16467,8,1343,256,17,2
95619,7,580,199,4376,0,103,7,1,0
95620,50,2242,1094,16769,1,420,72,25,4
95621,48,1163,1507,29941,5,854,74,4,6
95623,16,492,176,4241,0,92,21,0,1
95624,239,2466,2112,48091,3,1588,242,23,2
95625,0,26,17,278,0,4,0,0,0
95626,19,523,251,4868,0,168,12,0,0
95627,5,287,189,2933,0,51,7,1,0
95628,177,1221,1290,33079,5,1455,205,6,2
95629,8,179,54,1130,0,36,9,1,0
95630,653,1901,2083,51855,4,2287,512,7,3
95631,8,744,227,5894,0,98,23,2,0
95632,53,1946,1527,23489,0,491,82,5,4
95633,3,320,99,2977,0,66,15,2,0
95634,5,440,101,3123,0,42,6,0,2
95635,3,136,38,1077,0,23,3,0,0
95636,2,74,42,873,0,16,6,0,0
95637,0,78,16,280,0,8,1,0,0
95638,9,391,125,1978,0,40,4,0,1
95639,0,8,14,219,0,3,0,0,0
95640,23,943,444,7705,0,159,18,6,0
95641,2,155,105,1577,0,22,7,1,0
95642,5,854,449,7804,0,144,18,1,4
95644,0,1,0,0,0,0,0,0,0
95645,3,104,84,1216,0,17,3,0,0
95646,0,7,9,149,0,4,0,0,0
95648,725,2407,1936,38969,1,1581,233,0,4
95650,114,1487,748,11925,0,414,85,1,0
95651,7,111,31,797,0,30,6,0,0
95652,111,447,832,1477,0,23,29,28,1
95653,0,20,26,417,0,5,0,1,0
95654,0,5,2,26,0,0,0,0,0
95655,15,317,185,2966,1,136,22,0,1
95656,0,76,25,541,0,11,4,0,0
95658,41,946,341,6339,0,202,40,1,5
95659,0,136,63,550,0,19,2,0,3
95660,40,1415,1382,21337,1,676,52,15,3
95661,169,1433,2488,27393,12,1192,179,2,6
95662,95,1654,1252,25805,1,792,123,5,3
95663,12,386,144,2601,0,116,18,0,1
95664,4,179,68,1237,0,47,10,1,1
95665,2,479,241,4972,0,96,3,0,0
95666,5,651,275,6212,0,82,8,2,13
95667,102,3767,1607,32271,1,936,185,7,2
95668,24,412,157,771,0,16,2,0,0
95669,6,454,143,2865,0,68,7,0,1
95670,157,1190,1592,37774,4,1545,173,4,4
95671,0,15,11,113,0,0,0,0,3
95672,16,434,195,4240,0,157,28,1,1
95673,36,1174,763,11840,0,324,40,7,3
95674,2,225,63,787,0,13,0,0,0
95675,2,31,10,433,0,7,0,0,0
95676,1,81,48,370,0,5,0,0,0
95677,144,1198,1325,21398,2,770,139,6,3
95678,139,1494,1669,31425,2,1017,157,12,4
95679,1,11,6,86,0,3,1,0,0
95680,0,19,9,143,0,3,0,0,0
95681,2,145,51,1130,0,22,4,0,0
95682,138,2066,1164,25399,1,818,165,4,4
95683,45,344,297,5169,0,247,31,1,0
95684,5,318,108,2748,0,67,7,0,0
95685,5,482,220,4873,0,122,15,0,2
95686,2,64,57,794,0,14,0,0,0
95687,133,1980,2304,45746,0,1383,232,56,11
95688,161,2400,1875,30903,0,961,199,70,0
95689,4,187,58,1749,0,34,2,0,0
95690,8,219,127,2019,0,43,3,1,1
95691,147,3266,1651,27236,9,1200,172,26,8
95692,6,423,250,3648,0,68,10,2,1
95693,37,1031,361,6078,0,243,43,1,0
95694,34,934,520,7878,1,248,47,3,1
95695,76,1799,1906,27388,4,731,85,3,6
95696,4,112,64,970,0,32,6,1,0
95697,0,63,34,497,0,7,2,0,1
95698,0,75,18,224,0,9,1,0,0
95699,1,18,7,120,0,2,0,0,0
95701,2,133,33,915,0,11,2,1,0
95703,5,183,79,1760,0,50,5,0,0
95709,12,481,153,4584,0,99,8,0,0
95712,2,69,17,565,0,21,4,0,1
95713,21,702,299,7172,0,201,28,1,5
95714,1,36,13,326,0,11,0,0,0
95715,0,11,2,94,0,3,0,0,0
95717,2,37,8,200,0,4,0,0,0
95720,1,10,4,93,0,2,2,0,0
95721,0,2,2,7,0,0,0,0,0
95722,35,455,218,4828,0,159,34,0,1
95724,1,8,2,56,0,0,0,0,0
95726,13,650,305,7513,0,132,22,1,0
95728,2,44,19,462,1,9,1,1,0
95735,1,4,4,83,0,1,0,0,0
95736,4,118,49,1124,0,25,1,0,0
95741,2,193,43,579,0,14,3,1,0
95742,112,1257,843,13666,1,588,113,50,0
95743,0,0,0,2,0,0,0,0,0
95746,309,1094,873,19046,6,833,228,2,1
95747,345,1974,2469,48295,7,2151,329,6,10
95757,244,846,1097,34084,2,1481,259,4,0
95758,214,899,2046,44842,4,1813,259,55,3
95759,1,53,24,545,1,20,2,0,0
95762,544,1735,1599,35704,8,1579,478,5,1
95763,4,74,44,761,0,28,6,0,0
95765,259,1109,1364,27169,3,1133,257,4,2
95776,89,1577,1093,18228,0,613,72,82,5
95798,0,29,11,217,0,5,1,0,1
95799,0,0,0,2,0,0,0,0,0
95811,71,564,909,5988,0,388,84,3,0
95812,10,100,68,567,0,39,0,80,1
95813,1,30,7,157,0,3,0,0,1
95814,176,537,1460,7910,1,535,126,21,18
95815,30,917,854,14948,0,346,35,46,7
95816,224,4617,2776,16758,37,848,230,126,111
95817,130,266,381,7866,2,390,51,3,1
95818,164,347,515,15116,2,1051,148,2,5
95819,166,397,422,12497,3,724,122,10,0
95820,51,608,953,22297,0,663,65,20,5
95821,101,665,1000,24000,3,1042,62,2,4
95822,119,1016,1538,30610,4,1049,115,127,10
95823,37,888,1902,46509,0,960,59,4,9
95824,8,439,776,17988,0,344,19,3,5
95825,71,427,731,19272,1,852,101,2,2
95826,100,1543,1435,24602,2,902,104,33,3
95827,66,1426,1300,16028,5,870,61,179,7
95828,355,2234,2045,44293,0,1073,93,40,20
95829,105,1389,882,22184,0,831,90,1,3
95830,3,141,42,769,0,33,3,1,0
95831,212,479,886,30306,7,1528,167,3,5
95832,9,161,269,6930,0,169,20,3,2
95833,79,537,1149,24612,3,810,114,5,4
95834,154,1097,1950,19919,15,1680,260,2,5
95835,188,826,874,25146,4,1218,192,5,5
95836,0,8,1,15,0,0,1,0,0
95837,9,51,58,358,0,16,0,34,0
95838,26,1819,1296,24679,0,600,52,4,3
95840,0,0,0,4,0,0,0,0,0
95841,28,693,728,13264,1,499,47,5,3
95842,31,782,981,20299,2,760,58,6,6
95843,61,1972,1336,31117,2,1423,115,0,5
95851,0,248,48,126,1,2,0,0,0
95852,26,66,49,277,0,3,1,0,2
95853,0,2,2,102,0,2,0,0,0
95857,0,0,1,1,0,0,0,0,0
95860,2,25,9,299,0,11,3,1,1
95864,188,526,700,17239,5,856,130,1,1
95865,4,13,8,371,0,14,2,0,0
95866,0,13,9,262,0,12,2,0,0
95867,1,1,0,5,0,0,0,0,0
95873,0,0,1,1,0,0,0,0,0
95887,0,0,0,2,0,0,0,0,0
95899,0,6,13,330,0,8,2,0,0
95901,21,1785,1406,21932,0,400,30,12,15
95903,2,33,87,844,0,24,5,0,1
95910,0,4,3,106,0,1,0,0,0
95912,2,712,403,4088,0,53,7,0,4
95913,0,87,32,342,0,0,2,0,1
95914,0,112,48,736,0,19,1,0,0
95915,0,1,1,27,0,2,0,0,0
95916,0,111,66,1241,0,32,2,0,0
95917,1,396,185,2431,0,39,1,0,4
95918,4,332,123,1994,0,61,9,1,0
95919,0,121,55,1024,0,15,3,0,0
95920,1,55,16,216,0,2,0,0,0
95922,0,74,19,548,0,13,1,0,0
95923,0,23,13,162,0,3,0,0,0
95924,0,146,39,1071,0,19,3,0,0
95925,1,24,6,196,0,8,0,0,1
95926,60,961,989,21835,0,841,68,1,5
95927,7,320,145,1961,0,43,2,1,1
95928,76,1680,1281,22959,0,852,83,23,5
95929,24,12,17,86,0,2,0,0,1
95930,0,34,8,242,0,2,1,0,0
95931,0,0,0,6,0,0,0,0,0
95932,19,767,613,5986,0,60,6,1,2
95934,0,41,9,281,0,2,0,0,1
95935,1,62,26,629,0,12,2,0,1
95936,0,65,20,561,0,6,0,0,0
95937,0,129,74,1063,0,18,2,0,0
95938,9,617,295,3496,0,82,7,1,1
95939,0,72,19,254,0,5,0,0,0
95940,0,3,2,71,0,0,0,0,0
95941,1,42,29,396,0,7,0,0,0
95942,10,153,53,1304,0,49,8,0,1
95943,2,349,115,815,0,8,0,0,0
95944,0,4,0,89,0,0,0,0,0
95945,73,1848,936,21425,0,611,70,20,10
95946,29,734,403,8637,0,340,36,0,1
95947,4,225,84,1834,0,16,2,0,1
95948,17,961,624,8065,0,103,6,0,4
95949,59,1676,787,18202,0,539,94,2,2
95950,0,44,45,384,0,9,0,0,0
95951,2,82,83,2007,0,23,0,0,2
95953,6,769,485,7446,0,111,8,1,1
95954,2,526,398,8923,0,176,10,0,2
95955,0,287,145,1146,0,7,0,0,2
95956,2,52,16,439,0,4,0,0,0
95957,1,150,65,619,0,5,0,0,1
95958,0,10,6,73,0,0,0,0,0
95959,102,1400,521,16876,0,715,107,4,6
95960,1,169,31,1300,0,23,5,0,0
95961,19,980,1100,17718,0,357,39,3,7
95962,4,100,45,1244,0,84,5,0,2
95963,9,1669,892,12246,0,159,17,0,0
95965,21,1453,905,13991,0,232,21,3,10
95966,21,2036,1223,21320,0,426,31,1,6
95967,2,104,61,1022,0,22,1,0,0
95968,3,140,76,1505,0,16,1,1,2
95969,22,1430,925,19762,0,501,34,10,3
95970,1,125,65,511,0,3,0,0,0
95971,6,738,295,6202,0,61,9,0,13
95972,0,9,11,171,0,2,1,0,0
95973,57,2029,1599,26405,0,773,72,7,5
95974,1,118,39,338,0,6,0,0,0
95975,6,192,56,1700,0,54,8,0,0
95976,0,0,0,3,0,0,0,0,0
95977,3,182,60,1344,0,37,3,0,0
95978,0,15,4,218,0,1,0,0,0
95979,0,90,29,446,0,7,1,0,0
95980,0,2,0,24,0,0,0,0,0
95981,0,44,7,153,0,2,0,0,0
95982,6,472,219,2609,0,38,1,0,0
95983,2,79,21,408,0,8,1,0,0
95984,0,9,2,106,0,0,0,0,0
95986,1,8,3,150,0,1,0,0,0
95987,1,540,392,4508,0,76,3,0,7
95988,6,936,632,6714,0,94,7,1,3
95991,35,1842,1744,27224,0,518,29,15,10
95992,1,275,179,1121,0,20,3,0,0
95993,50,3906,1689,27027,1,583,53,3,9
96001,73,2382,1510,24494,0,741,51,5,5
96002,50,1851,1336,23876,0,552,37,16,9
96003,57,2902,1847,32415,0,862,59,4,11
96006,0,150,36,538,0,5,0,0,0
96007,16,2105,1120,17162,0,312,24,2,8
96008,2,254,80,1532,0,25,2,0,0
96009,1,140,34,544,0,2,0,0,0
96010,0,30,4,159,0,4,0,0,0
96011,0,23,4,131,0,0,0,0,0
96013,3,473,211,2960,0,27,1,0,2
96014,1,45,8,197,0,1,0,0,0
96015,0,89,20,266,0,0,0,0,0
96016,0,50,19,329,0,4,0,0,0
96017,0,13,4,112,0,0,0,1,0
96019,2,492,418,7272,0,151,12,0,0
96020,1,389,133,2801,0,22,1,0,0
96021,4,1221,834,11982,0,156,15,6,4
96022,19,1902,752,11894,0,305,18,2,1
96023,0,152,70,793,0,5,0,0,2
96024,0,108,41,863,0,13,2,1,0
96025,1,166,81,2196,0,36,1,1,1
96027,2,418,93,1951,0,22,1,0,1
96028,0,210,76,1163,0,9,0,0,1
96029,1,57,5,135,0,3,0,0,0
96031,0,22,7,126,0,2,0,0,0
96032,4,471,96,2178,0,23,2,0,1
96033,0,38,15,381,0,4,0,0,0
96034,0,84,15,284,0,2,0,0,0
96035,0,368,172,2321,0,28,3,0,2
96037,0,73,26,411,0,4,0,0,0
96038,1,182,49,607,0,5,0,0,0
96039,0,127,54,890,1,10,0,0,0
96040,0,39,5,215,0,2,0,0,0
96041,5,354,97,2265,0,17,1,0,2
96044,0,109,51,892,0,12,0,0,0
96046,1,43,5,296,0,3,0,0,0
96047,1,151,31,685,0,19,4,0,0
96048,0,115,33,696,0,13,1,0,0
96049,19,306,188,1343,0,15,4,0,0
96050,1,73,15,383,0,8,1,1,0
96051,4,130,68,1113,0,27,2,0,0
96052,0,146,58,1373,0,17,1,0,2
96054,0,88,18,337,0,1,1,0,0
96055,5,370,180,2970,0,60,1,0,0
96056,1,318,105,1426,0,12,0,1,0
96057,1,147,81,1408,0,19,2,0,0
96058,0,141,36,596,0,2,0,0,0
96059,0,76,22,469,0,7,0,0,0
96061,0,8,3,56,0,0,0,0,0
96062,1,196,60,918,0,24,2,0,0
96063,0,11,1,77,0,4,0,0,0
96064,1,805,194,3884,0,43,4,0,3
96065,0,59,17,315,0,4,2,0,0
96067,27,888,312,7591,0,209,14,0,5
96068,0,7,3,57,0,0,0,0,0
96069,6,146,42,767,0,16,6,0,0
96070,0,2,2,2,0,0,0,0,0
96071,0,14,9,129,0,1,0,0,0
96073,11,757,269,4196,0,126,11,0,2
96074,0,18,12,117,0,1,0,0,0
96075,0,33,14,214,0,5,2,0,0
96076,0,22,6,160,0,4,0,0,0
96078,0,38,59,228,0,2,1,0,1
96079,0,5,0,47,0,0,0,0,0
96080,32,3060,1664,20938,0,414,19,0,10
96084,1,64,25,452,0,5,1,0,0
96085,0,11,5,63,0,0,0,0,0
96086,0,64,12,288,0,3,0,0,0
96087,0,111,52,883,0,30,0,0,0
96088,6,497,226,4015,0,82,4,1,0
96089,0,20,12,327,0,5,0,0,0
96090,0,21,25,349,0,9,0,0,0
96091,0,140,36,879,0,8,3,0,0
96092,1,80,33,387,0,3,1,0,0
96093,4,551,236,4144,0,54,5,0,0
96094,5,574,288,5923,0,121,3,1,2
96095,2,1,3,17,0,0,0,0,0
96096,6,120,35,661,0,19,1,0,0
96097,8,1294,533,8626,0,87,4,5,3
96099,3,133,69,853,0,24,2,0,1
96101,5,708,305,4450,0,49,3,0,1
96103,1,203,76,1832,0,23,1,0,0
96104,0,169,40,659,0,6,0,0,0
96105,1,102,20,419,0,3,0,0,0
96106,0,88,25,560,0,9,0,0,0
96107,0,76,48,787,0,3,0,0,0
96108,0,33,5,114,0,1,0,0,0
96109,0,102,46,792,0,2,0,1,0
96110,0,33,4,70,0,4,0,0,0
96111,0,8,2,63,0,1,0,0,0
96112,0,30,8,129,0,2,0,0,0
96113,0,42,34,706,0,4,0,0,0
96114,0,535,188,2647,0,26,0,0,0
96115,0,38,8,128,0,0,0,0,0
96116,0,57,8,220,0,1,0,0,0
96117,0,74,22,314,0,2,1,0,1
96118,0,193,56,1452,0,17,1,0,2
96119,0,17,4,71,0,1,0,0,0
96120,0,118,36,865,0,15,0,0,0
96121,0,69,24,357,0,2,0,0,0
96122,3,483,197,3727,0,27,0,0,1
96123,0,16,4,81,0,0,0,0,0
96124,0,76,12,371,0,6,0,0,1
96125,0,52,12,413,0,5,0,0,0
96126,0,91,22,336,0,7,1,0,0
96127,0,109,52,531,0,5,0,0,0
96128,0,202,28,524,0,5,0,0,0
96129,0,59,10,231,0,3,0,0,0
96130,5,1468,878,11619,0,100,5,0,2
96132,0,5,3,22,0,0,0,0,0
96133,0,13,3,104,0,1,0,0,0
96134,3,251,158,1671,0,8,0,0,4
96135,0,26,4,88,0,0,0,0,0
96136,1,33,4,108,0,1,0,1,0
96137,4,428,179,3295,0,30,4,0,0
96140,5,129,64,1323,0,18,1,0,0
96141,0,96,23,793,0,8,0,0,0
96142,3,62,28,870,0,8,2,0,0
96143,3,148,115,2854,0,19,0,0,1
96145,17,491,184,4209,0,74,6,1,0
96146,10,155,63,1465,1,28,4,0,0
96148,2,80,39,953,0,16,0,0,1
96150,38,1127,651,15810,0,258,17,7,8
96151,2,160,166,4845,0,38,1,0,3
96152,0,1,0,9,0,0,0,0,0
96154,0,3,0,4,0,0,0,0,0
96155,1,63,22,849,0,6,0,0,0
96156,0,1,0,13,0,0,0,0,0
96157,0,1,0,10,0,0,0,0,0
96158,1,163,96,2678,0,27,2,3,1
96160,5,293,91,1879,0,24,2,0,0
96161,87,1390,704,12716,1,228,18,0,1
96162,1,85,40,1145,0,17,0,0,0
